[INFO] Scanning for projects...
[INFO] 
[INFO] ------------------------< com.holidaytrip:api >-------------------------
[INFO] Building HolidayTripApplication 0.0.1-SNAPSHOT
[INFO]   from pom.xml
[INFO] --------------------------------[ jar ]---------------------------------
[INFO] 
[INFO] >>> spring-boot:4.1.0:run (default-cli) > test-compile @ api >>>
[INFO] 
[INFO] --- resources:3.5.0:resources (default-resources) @ api ---
[INFO] Copying 1 resource from src/main/resources to target/classes
[INFO] Copying 0 resource from src/main/resources to target/classes
[INFO] 
[INFO] --- compiler:3.15.0:compile (default-compile) @ api ---
[INFO] Nothing to compile - all classes are up to date.
[INFO] 
[INFO] --- resources:3.5.0:testResources (default-testResources) @ api ---
[INFO] skip non existing resourceDirectory /Users/abdulkadirkarsli/Desktop/Üniversite/Staj/Seyahat-Asistani/backend/src/test/resources
[INFO] 
[INFO] --- compiler:3.15.0:testCompile (default-testCompile) @ api ---
[INFO] Nothing to compile - all classes are up to date.
[INFO] 
[INFO] <<< spring-boot:4.1.0:run (default-cli) < test-compile @ api <<<
[INFO] 
[INFO] 
[INFO] --- spring-boot:4.1.0:run (default-cli) @ api ---
[INFO] Attaching agents: []

  .   ____          _            __ _ _
 /\\ / ___'_ __ _ _(_)_ __  __ _ \ \ \ \
( ( )\___ | '_ | '_| | '_ \/ _` | \ \ \ \
 \\/  ___)| |_)| | | | | || (_| |  ) ) ) )
  '  |____| .__|_| |_|_| |_\__, | / / / /
 =========|_|==============|___/=/_/_/_/

 :: Spring Boot ::                (v4.1.0)

2026-09-01T12:15:01.494+03:00  INFO 61411 --- [HolidayTripAPI] [  restartedMain] c.h.api.HolidayTripApplication           : Starting HolidayTripApplication using Java 17.0.14 with PID 61411 (/Users/abdulkadirkarsli/Desktop/Üniversite/Staj/Seyahat-Asistani/backend/target/classes started by abdulkadirkarsli in /Users/abdulkadirkarsli/Desktop/Üniversite/Staj/Seyahat-Asistani/backend)
2026-09-01T12:15:01.495+03:00  INFO 61411 --- [HolidayTripAPI] [  restartedMain] c.h.api.HolidayTripApplication           : No active profile set, falling back to 1 default profile: "default"
2026-09-01T12:15:01.512+03:00  INFO 61411 --- [HolidayTripAPI] [  restartedMain] .e.DevToolsPropertyDefaultsPostProcessor : Devtools property defaults active! Set 'spring.devtools.add-properties' to 'false' to disable
2026-09-01T12:15:01.512+03:00  INFO 61411 --- [HolidayTripAPI] [  restartedMain] .e.DevToolsPropertyDefaultsPostProcessor : For additional web related logging consider setting the 'logging.level.web' property to 'DEBUG'
2026-09-01T12:15:01.761+03:00  INFO 61411 --- [HolidayTripAPI] [  restartedMain] .s.d.r.c.RepositoryConfigurationDelegate : Bootstrapping Spring Data JPA repositories in DEFAULT mode.
2026-09-01T12:15:01.779+03:00  INFO 61411 --- [HolidayTripAPI] [  restartedMain] .s.d.r.c.RepositoryConfigurationDelegate : Finished Spring Data repository scanning in 14 ms. Found 3 JPA repository interfaces.
2026-09-01T12:15:01.948+03:00  INFO 61411 --- [HolidayTripAPI] [  restartedMain] o.s.boot.tomcat.TomcatWebServer          : Tomcat initialized with port 8081 (http)
2026-09-01T12:15:01.953+03:00  INFO 61411 --- [HolidayTripAPI] [  restartedMain] o.apache.catalina.core.StandardService   : Starting service [Tomcat]
2026-09-01T12:15:01.954+03:00  INFO 61411 --- [HolidayTripAPI] [  restartedMain] o.apache.catalina.core.StandardEngine    : Starting Servlet engine: [Apache Tomcat/11.0.22]
2026-09-01T12:15:01.965+03:00  INFO 61411 --- [HolidayTripAPI] [  restartedMain] b.w.c.s.WebApplicationContextInitializer : Root WebApplicationContext: initialization completed in 452 ms
2026-09-01T12:15:02.026+03:00  INFO 61411 --- [HolidayTripAPI] [  restartedMain] org.hibernate.orm.jpa                    : HHH008540: Processing PersistenceUnitInfo [name: default]
2026-09-01T12:15:02.051+03:00  INFO 61411 --- [HolidayTripAPI] [  restartedMain] org.hibernate.orm.core                   : HHH000001: Hibernate ORM core version 7.4.1.Final
2026-09-01T12:15:02.192+03:00  INFO 61411 --- [HolidayTripAPI] [  restartedMain] o.s.o.j.p.SpringPersistenceUnitInfo      : No LoadTimeWeaver setup: ignoring JPA class transformer
2026-09-01T12:15:02.204+03:00  INFO 61411 --- [HolidayTripAPI] [  restartedMain] com.zaxxer.hikari.HikariDataSource       : HikariPool-1 - Starting...
2026-09-01T12:15:02.279+03:00  INFO 61411 --- [HolidayTripAPI] [  restartedMain] com.zaxxer.hikari.pool.HikariPool        : HikariPool-1 - Added connection conn0: url=jdbc:h2:file:./data/holidaytripdb user=SA
2026-09-01T12:15:02.280+03:00  INFO 61411 --- [HolidayTripAPI] [  restartedMain] com.zaxxer.hikari.HikariDataSource       : HikariPool-1 - Start completed.
2026-09-01T12:15:02.290+03:00  WARN 61411 --- [HolidayTripAPI] [  restartedMain] org.hibernate.orm.deprecation            : HHH90000025: H2Dialect does not need to be specified explicitly using 'hibernate.dialect' (remove the property setting and it will be selected by default)
2026-09-01T12:15:02.297+03:00  INFO 61411 --- [HolidayTripAPI] [  restartedMain] org.hibernate.orm.connections.pooling    : HHH10001005: Database info:
	Database JDBC URL [jdbc:h2:file:./data/holidaytripdb]
	Database driver: H2 JDBC Driver
	Database dialect: H2Dialect
	Database version: 2.4.240
	Default catalog/schema: HOLIDAYTRIPDB/PUBLIC
	Autocommit mode: undefined/unknown
	Isolation level: READ_COMMITTED [default READ_COMMITTED]
	JDBC fetch size: 100
	Pool: DataSourceConnectionProvider
	Minimum pool size: undefined/unknown
	Maximum pool size: undefined/unknown
2026-09-01T12:15:02.602+03:00  INFO 61411 --- [HolidayTripAPI] [  restartedMain] org.hibernate.orm.core                   : HHH000489: No JTA platform available (set 'hibernate.transaction.jta.platform' to enable JTA platform integration)
2026-09-01T12:15:02.622+03:00  INFO 61411 --- [HolidayTripAPI] [  restartedMain] j.LocalContainerEntityManagerFactoryBean : Initialized JPA EntityManagerFactory for persistence unit 'default'
2026-09-01T12:15:02.653+03:00  INFO 61411 --- [HolidayTripAPI] [  restartedMain] o.s.d.j.r.query.QueryEnhancerFactories   : Hibernate is in classpath; If applicable, HQL parser will be used.
2026-09-01T12:15:02.801+03:00  WARN 61411 --- [HolidayTripAPI] [  restartedMain] JpaBaseConfiguration$JpaWebConfiguration : spring.jpa.open-in-view is enabled by default. Therefore, database queries may be performed during view rendering. Explicitly configure spring.jpa.open-in-view to disable this warning
2026-09-01T12:15:02.815+03:00  INFO 61411 --- [HolidayTripAPI] [  restartedMain] o.s.v.b.OptionalValidatorFactoryBean     : Failed to set up a Bean Validation provider: jakarta.validation.NoProviderFoundException: Unable to create a Configuration, because no Jakarta Validation provider could be found. Add a provider like Hibernate Validator (RI) to your classpath.
2026-09-01T12:15:02.938+03:00  INFO 61411 --- [HolidayTripAPI] [  restartedMain] o.s.boot.tomcat.TomcatWebServer          : Tomcat started on port 8081 (http) with context path '/'
2026-09-01T12:15:02.941+03:00  INFO 61411 --- [HolidayTripAPI] [  restartedMain] c.h.api.HolidayTripApplication           : Started HolidayTripApplication in 1.574 seconds (process running for 1.724)
2026-09-01T12:15:55.729+03:00  INFO 61411 --- [HolidayTripAPI] [nio-8081-exec-1] o.a.c.c.C.[Tomcat].[localhost].[/]       : Initializing Spring DispatcherServlet 'dispatcherServlet'
2026-09-01T12:15:55.729+03:00  INFO 61411 --- [HolidayTripAPI] [nio-8081-exec-1] o.s.web.servlet.DispatcherServlet        : Initializing Servlet 'dispatcherServlet'
2026-09-01T12:15:55.733+03:00  INFO 61411 --- [HolidayTripAPI] [nio-8081-exec-1] o.s.web.servlet.DispatcherServlet        : Completed initialization in 4 ms
2026-09-01T12:22:10.039+03:00  INFO 61411 --- [HolidayTripAPI] [   File Watcher] rtingClassPathChangeChangedEventListener : Restarting due to 1 class path change (1 addition, 0 deletions, 0 modifications)
2026-09-01T12:22:10.056+03:00  INFO 61411 --- [HolidayTripAPI] [       Thread-1] o.s.boot.tomcat.GracefulShutdown         : Commencing graceful shutdown. Waiting for active requests to complete
2026-09-01T12:22:10.072+03:00  INFO 61411 --- [HolidayTripAPI] [tomcat-shutdown] o.s.boot.tomcat.GracefulShutdown         : Graceful shutdown complete
2026-09-01T12:22:10.077+03:00  INFO 61411 --- [HolidayTripAPI] [       Thread-1] j.LocalContainerEntityManagerFactoryBean : Closing JPA EntityManagerFactory for persistence unit 'default'
2026-09-01T12:22:10.082+03:00  INFO 61411 --- [HolidayTripAPI] [       Thread-1] com.zaxxer.hikari.HikariDataSource       : HikariPool-1 - Shutdown initiated...
2026-09-01T12:22:10.142+03:00  INFO 61411 --- [HolidayTripAPI] [       Thread-1] com.zaxxer.hikari.HikariDataSource       : HikariPool-1 - Shutdown completed.

  .   ____          _            __ _ _
 /\\ / ___'_ __ _ _(_)_ __  __ _ \ \ \ \
( ( )\___ | '_ | '_| | '_ \/ _` | \ \ \ \
 \\/  ___)| |_)| | | | | || (_| |  ) ) ) )
  '  |____| .__|_| |_|_| |_\__, | / / / /
 =========|_|==============|___/=/_/_/_/

 :: Spring Boot ::                (v4.1.0)

2026-09-01T12:22:10.216+03:00  INFO 61411 --- [HolidayTripAPI] [  restartedMain] c.h.api.HolidayTripApplication           : Starting HolidayTripApplication using Java 17.0.14 with PID 61411 (/Users/abdulkadirkarsli/Desktop/Üniversite/Staj/Seyahat-Asistani/backend/target/classes started by abdulkadirkarsli in /Users/abdulkadirkarsli/Desktop/Üniversite/Staj/Seyahat-Asistani/backend)
2026-09-01T12:22:10.216+03:00  INFO 61411 --- [HolidayTripAPI] [  restartedMain] c.h.api.HolidayTripApplication           : No active profile set, falling back to 1 default profile: "default"
2026-09-01T12:22:10.282+03:00  INFO 61411 --- [HolidayTripAPI] [  restartedMain] .s.d.r.c.RepositoryConfigurationDelegate : Bootstrapping Spring Data JPA repositories in DEFAULT mode.
2026-09-01T12:22:10.286+03:00  INFO 61411 --- [HolidayTripAPI] [  restartedMain] .s.d.r.c.RepositoryConfigurationDelegate : Finished Spring Data repository scanning in 3 ms. Found 3 JPA repository interfaces.
2026-09-01T12:22:10.325+03:00  INFO 61411 --- [HolidayTripAPI] [  restartedMain] o.s.boot.tomcat.TomcatWebServer          : Tomcat initialized with port 8081 (http)
2026-09-01T12:22:10.326+03:00  INFO 61411 --- [HolidayTripAPI] [  restartedMain] o.apache.catalina.core.StandardService   : Starting service [Tomcat]
2026-09-01T12:22:10.326+03:00  INFO 61411 --- [HolidayTripAPI] [  restartedMain] o.apache.catalina.core.StandardEngine    : Starting Servlet engine: [Apache Tomcat/11.0.22]
2026-09-01T12:22:10.334+03:00  INFO 61411 --- [HolidayTripAPI] [  restartedMain] b.w.c.s.WebApplicationContextInitializer : Root WebApplicationContext: initialization completed in 117 ms
2026-09-01T12:22:10.348+03:00  INFO 61411 --- [HolidayTripAPI] [  restartedMain] org.hibernate.orm.jpa                    : HHH008540: Processing PersistenceUnitInfo [name: default]
2026-09-01T12:22:10.361+03:00  INFO 61411 --- [HolidayTripAPI] [  restartedMain] o.s.o.j.p.SpringPersistenceUnitInfo      : No LoadTimeWeaver setup: ignoring JPA class transformer
2026-09-01T12:22:10.361+03:00  INFO 61411 --- [HolidayTripAPI] [  restartedMain] com.zaxxer.hikari.HikariDataSource       : HikariPool-2 - Starting...
2026-09-01T12:22:10.364+03:00  INFO 61411 --- [HolidayTripAPI] [  restartedMain] com.zaxxer.hikari.pool.HikariPool        : HikariPool-2 - Added connection conn10: url=jdbc:h2:file:./data/holidaytripdb user=SA
2026-09-01T12:22:10.364+03:00  INFO 61411 --- [HolidayTripAPI] [  restartedMain] com.zaxxer.hikari.HikariDataSource       : HikariPool-2 - Start completed.
2026-09-01T12:22:10.364+03:00  WARN 61411 --- [HolidayTripAPI] [  restartedMain] org.hibernate.orm.deprecation            : HHH90000025: H2Dialect does not need to be specified explicitly using 'hibernate.dialect' (remove the property setting and it will be selected by default)
2026-09-01T12:22:10.364+03:00  INFO 61411 --- [HolidayTripAPI] [  restartedMain] org.hibernate.orm.connections.pooling    : HHH10001005: Database info:
	Database JDBC URL [jdbc:h2:file:./data/holidaytripdb]
	Database driver: H2 JDBC Driver
	Database dialect: H2Dialect
	Database version: 2.4.240
	Default catalog/schema: HOLIDAYTRIPDB/PUBLIC
	Autocommit mode: undefined/unknown
	Isolation level: READ_COMMITTED [default READ_COMMITTED]
	JDBC fetch size: 100
	Pool: DataSourceConnectionProvider
	Minimum pool size: undefined/unknown
	Maximum pool size: undefined/unknown
2026-09-01T12:22:10.390+03:00  INFO 61411 --- [HolidayTripAPI] [  restartedMain] org.hibernate.orm.core                   : HHH000489: No JTA platform available (set 'hibernate.transaction.jta.platform' to enable JTA platform integration)
2026-09-01T12:22:10.391+03:00  INFO 61411 --- [HolidayTripAPI] [  restartedMain] j.LocalContainerEntityManagerFactoryBean : Initialized JPA EntityManagerFactory for persistence unit 'default'
2026-09-01T12:22:10.426+03:00  WARN 61411 --- [HolidayTripAPI] [  restartedMain] JpaBaseConfiguration$JpaWebConfiguration : spring.jpa.open-in-view is enabled by default. Therefore, database queries may be performed during view rendering. Explicitly configure spring.jpa.open-in-view to disable this warning
2026-09-01T12:22:10.431+03:00  INFO 61411 --- [HolidayTripAPI] [  restartedMain] o.s.v.b.OptionalValidatorFactoryBean     : Failed to set up a Bean Validation provider: jakarta.validation.NoProviderFoundException: Unable to create a Configuration, because no Jakarta Validation provider could be found. Add a provider like Hibernate Validator (RI) to your classpath.
2026-09-01T12:22:10.467+03:00  INFO 61411 --- [HolidayTripAPI] [  restartedMain] o.s.boot.tomcat.TomcatWebServer          : Tomcat started on port 8081 (http) with context path '/'
2026-09-01T12:22:10.468+03:00  INFO 61411 --- [HolidayTripAPI] [  restartedMain] c.h.api.HolidayTripApplication           : Started HolidayTripApplication in 0.26 seconds (process running for 429.247)
2026-09-01T12:22:10.479+03:00  INFO 61411 --- [HolidayTripAPI] [  restartedMain] .ConditionEvaluationDeltaLoggingListener : Condition evaluation unchanged
2026-09-01T12:22:13.896+03:00  INFO 61411 --- [HolidayTripAPI] [   File Watcher] rtingClassPathChangeChangedEventListener : Restarting due to 3 class path changes (0 additions, 0 deletions, 3 modifications)
2026-09-01T12:22:13.899+03:00  INFO 61411 --- [HolidayTripAPI] [       Thread-6] o.s.boot.tomcat.GracefulShutdown         : Commencing graceful shutdown. Waiting for active requests to complete
2026-09-01T12:22:13.903+03:00  INFO 61411 --- [HolidayTripAPI] [tomcat-shutdown] o.s.boot.tomcat.GracefulShutdown         : Graceful shutdown complete
2026-09-01T12:22:13.905+03:00  INFO 61411 --- [HolidayTripAPI] [       Thread-6] j.LocalContainerEntityManagerFactoryBean : Closing JPA EntityManagerFactory for persistence unit 'default'
2026-09-01T12:22:13.907+03:00  INFO 61411 --- [HolidayTripAPI] [       Thread-6] com.zaxxer.hikari.HikariDataSource       : HikariPool-2 - Shutdown initiated...
2026-09-01T12:22:14.053+03:00  INFO 61411 --- [HolidayTripAPI] [       Thread-6] com.zaxxer.hikari.HikariDataSource       : HikariPool-2 - Shutdown completed.

  .   ____          _            __ _ _
 /\\ / ___'_ __ _ _(_)_ __  __ _ \ \ \ \
( ( )\___ | '_ | '_| | '_ \/ _` | \ \ \ \
 \\/  ___)| |_)| | | | | || (_| |  ) ) ) )
  '  |____| .__|_| |_|_| |_\__, | / / / /
 =========|_|==============|___/=/_/_/_/

 :: Spring Boot ::                (v4.1.0)

2026-09-01T12:22:14.105+03:00  INFO 61411 --- [HolidayTripAPI] [  restartedMain] c.h.api.HolidayTripApplication           : Starting HolidayTripApplication using Java 17.0.14 with PID 61411 (/Users/abdulkadirkarsli/Desktop/Üniversite/Staj/Seyahat-Asistani/backend/target/classes started by abdulkadirkarsli in /Users/abdulkadirkarsli/Desktop/Üniversite/Staj/Seyahat-Asistani/backend)
2026-09-01T12:22:14.105+03:00  INFO 61411 --- [HolidayTripAPI] [  restartedMain] c.h.api.HolidayTripApplication           : No active profile set, falling back to 1 default profile: "default"
2026-09-01T12:22:14.188+03:00  INFO 61411 --- [HolidayTripAPI] [  restartedMain] .s.d.r.c.RepositoryConfigurationDelegate : Bootstrapping Spring Data JPA repositories in DEFAULT mode.
2026-09-01T12:22:14.197+03:00  INFO 61411 --- [HolidayTripAPI] [  restartedMain] .s.d.r.c.RepositoryConfigurationDelegate : Finished Spring Data repository scanning in 8 ms. Found 3 JPA repository interfaces.
2026-09-01T12:22:14.239+03:00  INFO 61411 --- [HolidayTripAPI] [  restartedMain] o.s.boot.tomcat.TomcatWebServer          : Tomcat initialized with port 8081 (http)
2026-09-01T12:22:14.239+03:00  INFO 61411 --- [HolidayTripAPI] [  restartedMain] o.apache.catalina.core.StandardService   : Starting service [Tomcat]
2026-09-01T12:22:14.239+03:00  INFO 61411 --- [HolidayTripAPI] [  restartedMain] o.apache.catalina.core.StandardEngine    : Starting Servlet engine: [Apache Tomcat/11.0.22]
2026-09-01T12:22:14.244+03:00  INFO 61411 --- [HolidayTripAPI] [  restartedMain] b.w.c.s.WebApplicationContextInitializer : Root WebApplicationContext: initialization completed in 138 ms
2026-09-01T12:22:14.257+03:00  INFO 61411 --- [HolidayTripAPI] [  restartedMain] org.hibernate.orm.jpa                    : HHH008540: Processing PersistenceUnitInfo [name: default]
2026-09-01T12:22:14.266+03:00  INFO 61411 --- [HolidayTripAPI] [  restartedMain] o.s.o.j.p.SpringPersistenceUnitInfo      : No LoadTimeWeaver setup: ignoring JPA class transformer
2026-09-01T12:22:14.267+03:00  INFO 61411 --- [HolidayTripAPI] [  restartedMain] com.zaxxer.hikari.HikariDataSource       : HikariPool-3 - Starting...
2026-09-01T12:22:14.269+03:00  INFO 61411 --- [HolidayTripAPI] [  restartedMain] com.zaxxer.hikari.pool.HikariPool        : HikariPool-3 - Added connection conn20: url=jdbc:h2:file:./data/holidaytripdb user=SA
2026-09-01T12:22:14.270+03:00  INFO 61411 --- [HolidayTripAPI] [  restartedMain] com.zaxxer.hikari.HikariDataSource       : HikariPool-3 - Start completed.
2026-09-01T12:22:14.270+03:00  WARN 61411 --- [HolidayTripAPI] [  restartedMain] org.hibernate.orm.deprecation            : HHH90000025: H2Dialect does not need to be specified explicitly using 'hibernate.dialect' (remove the property setting and it will be selected by default)
2026-09-01T12:22:14.270+03:00  INFO 61411 --- [HolidayTripAPI] [  restartedMain] org.hibernate.orm.connections.pooling    : HHH10001005: Database info:
	Database JDBC URL [jdbc:h2:file:./data/holidaytripdb]
	Database driver: H2 JDBC Driver
	Database dialect: H2Dialect
	Database version: 2.4.240
	Default catalog/schema: HOLIDAYTRIPDB/PUBLIC
	Autocommit mode: undefined/unknown
	Isolation level: READ_COMMITTED [default READ_COMMITTED]
	JDBC fetch size: 100
	Pool: DataSourceConnectionProvider
	Minimum pool size: undefined/unknown
	Maximum pool size: undefined/unknown
2026-09-01T12:22:14.296+03:00  INFO 61411 --- [HolidayTripAPI] [  restartedMain] org.hibernate.orm.core                   : HHH000489: No JTA platform available (set 'hibernate.transaction.jta.platform' to enable JTA platform integration)
2026-09-01T12:22:14.297+03:00  INFO 61411 --- [HolidayTripAPI] [  restartedMain] j.LocalContainerEntityManagerFactoryBean : Initialized JPA EntityManagerFactory for persistence unit 'default'
2026-09-01T12:22:14.334+03:00  WARN 61411 --- [HolidayTripAPI] [  restartedMain] JpaBaseConfiguration$JpaWebConfiguration : spring.jpa.open-in-view is enabled by default. Therefore, database queries may be performed during view rendering. Explicitly configure spring.jpa.open-in-view to disable this warning
2026-09-01T12:22:14.339+03:00  INFO 61411 --- [HolidayTripAPI] [  restartedMain] o.s.v.b.OptionalValidatorFactoryBean     : Failed to set up a Bean Validation provider: jakarta.validation.NoProviderFoundException: Unable to create a Configuration, because no Jakarta Validation provider could be found. Add a provider like Hibernate Validator (RI) to your classpath.
2026-09-01T12:22:14.378+03:00  INFO 61411 --- [HolidayTripAPI] [  restartedMain] o.s.boot.tomcat.TomcatWebServer          : Tomcat started on port 8081 (http) with context path '/'
2026-09-01T12:22:14.379+03:00  INFO 61411 --- [HolidayTripAPI] [  restartedMain] c.h.api.HolidayTripApplication           : Started HolidayTripApplication in 0.283 seconds (process running for 433.158)
2026-09-01T12:22:14.389+03:00  INFO 61411 --- [HolidayTripAPI] [  restartedMain] .ConditionEvaluationDeltaLoggingListener : Condition evaluation unchanged
2026-09-01T12:22:15.793+03:00  INFO 61411 --- [HolidayTripAPI] [   File Watcher] rtingClassPathChangeChangedEventListener : Restarting due to 1 class path change (0 additions, 0 deletions, 1 modification)
2026-09-01T12:22:15.796+03:00  INFO 61411 --- [HolidayTripAPI] [      Thread-10] o.s.boot.tomcat.GracefulShutdown         : Commencing graceful shutdown. Waiting for active requests to complete
2026-09-01T12:22:15.798+03:00  INFO 61411 --- [HolidayTripAPI] [tomcat-shutdown] o.s.boot.tomcat.GracefulShutdown         : Graceful shutdown complete
2026-09-01T12:22:15.800+03:00  INFO 61411 --- [HolidayTripAPI] [      Thread-10] j.LocalContainerEntityManagerFactoryBean : Closing JPA EntityManagerFactory for persistence unit 'default'
2026-09-01T12:22:15.801+03:00  INFO 61411 --- [HolidayTripAPI] [      Thread-10] com.zaxxer.hikari.HikariDataSource       : HikariPool-3 - Shutdown initiated...
2026-09-01T12:22:15.931+03:00  INFO 61411 --- [HolidayTripAPI] [      Thread-10] com.zaxxer.hikari.HikariDataSource       : HikariPool-3 - Shutdown completed.

  .   ____          _            __ _ _
 /\\ / ___'_ __ _ _(_)_ __  __ _ \ \ \ \
( ( )\___ | '_ | '_| | '_ \/ _` | \ \ \ \
 \\/  ___)| |_)| | | | | || (_| |  ) ) ) )
  '  |____| .__|_| |_|_| |_\__, | / / / /
 =========|_|==============|___/=/_/_/_/

 :: Spring Boot ::                (v4.1.0)

2026-09-01T12:22:15.985+03:00  INFO 61411 --- [HolidayTripAPI] [  restartedMain] c.h.api.HolidayTripApplication           : Starting HolidayTripApplication using Java 17.0.14 with PID 61411 (/Users/abdulkadirkarsli/Desktop/Üniversite/Staj/Seyahat-Asistani/backend/target/classes started by abdulkadirkarsli in /Users/abdulkadirkarsli/Desktop/Üniversite/Staj/Seyahat-Asistani/backend)
2026-09-01T12:22:15.985+03:00  INFO 61411 --- [HolidayTripAPI] [  restartedMain] c.h.api.HolidayTripApplication           : No active profile set, falling back to 1 default profile: "default"
2026-09-01T12:22:16.032+03:00  INFO 61411 --- [HolidayTripAPI] [  restartedMain] .s.d.r.c.RepositoryConfigurationDelegate : Bootstrapping Spring Data JPA repositories in DEFAULT mode.
2026-09-01T12:22:16.036+03:00  INFO 61411 --- [HolidayTripAPI] [  restartedMain] .s.d.r.c.RepositoryConfigurationDelegate : Finished Spring Data repository scanning in 3 ms. Found 3 JPA repository interfaces.
2026-09-01T12:22:16.060+03:00  INFO 61411 --- [HolidayTripAPI] [  restartedMain] o.s.boot.tomcat.TomcatWebServer          : Tomcat initialized with port 8081 (http)
2026-09-01T12:22:16.060+03:00  INFO 61411 --- [HolidayTripAPI] [  restartedMain] o.apache.catalina.core.StandardService   : Starting service [Tomcat]
2026-09-01T12:22:16.060+03:00  INFO 61411 --- [HolidayTripAPI] [  restartedMain] o.apache.catalina.core.StandardEngine    : Starting Servlet engine: [Apache Tomcat/11.0.22]
2026-09-01T12:22:16.064+03:00  INFO 61411 --- [HolidayTripAPI] [  restartedMain] b.w.c.s.WebApplicationContextInitializer : Root WebApplicationContext: initialization completed in 78 ms
2026-09-01T12:22:16.075+03:00  INFO 61411 --- [HolidayTripAPI] [  restartedMain] org.hibernate.orm.jpa                    : HHH008540: Processing PersistenceUnitInfo [name: default]
2026-09-01T12:22:16.083+03:00  INFO 61411 --- [HolidayTripAPI] [  restartedMain] o.s.o.j.p.SpringPersistenceUnitInfo      : No LoadTimeWeaver setup: ignoring JPA class transformer
2026-09-01T12:22:16.083+03:00  INFO 61411 --- [HolidayTripAPI] [  restartedMain] com.zaxxer.hikari.HikariDataSource       : HikariPool-4 - Starting...
2026-09-01T12:22:16.085+03:00  INFO 61411 --- [HolidayTripAPI] [  restartedMain] com.zaxxer.hikari.pool.HikariPool        : HikariPool-4 - Added connection conn30: url=jdbc:h2:file:./data/holidaytripdb user=SA
2026-09-01T12:22:16.085+03:00  INFO 61411 --- [HolidayTripAPI] [  restartedMain] com.zaxxer.hikari.HikariDataSource       : HikariPool-4 - Start completed.
2026-09-01T12:22:16.085+03:00  WARN 61411 --- [HolidayTripAPI] [  restartedMain] org.hibernate.orm.deprecation            : HHH90000025: H2Dialect does not need to be specified explicitly using 'hibernate.dialect' (remove the property setting and it will be selected by default)
2026-09-01T12:22:16.086+03:00  INFO 61411 --- [HolidayTripAPI] [  restartedMain] org.hibernate.orm.connections.pooling    : HHH10001005: Database info:
	Database JDBC URL [jdbc:h2:file:./data/holidaytripdb]
	Database driver: H2 JDBC Driver
	Database dialect: H2Dialect
	Database version: 2.4.240
	Default catalog/schema: HOLIDAYTRIPDB/PUBLIC
	Autocommit mode: undefined/unknown
	Isolation level: READ_COMMITTED [default READ_COMMITTED]
	JDBC fetch size: 100
	Pool: DataSourceConnectionProvider
	Minimum pool size: undefined/unknown
	Maximum pool size: undefined/unknown
2026-09-01T12:22:16.107+03:00  INFO 61411 --- [HolidayTripAPI] [  restartedMain] org.hibernate.orm.core                   : HHH000489: No JTA platform available (set 'hibernate.transaction.jta.platform' to enable JTA platform integration)
2026-09-01T12:22:16.108+03:00  INFO 61411 --- [HolidayTripAPI] [  restartedMain] j.LocalContainerEntityManagerFactoryBean : Initialized JPA EntityManagerFactory for persistence unit 'default'
2026-09-01T12:22:16.140+03:00  WARN 61411 --- [HolidayTripAPI] [  restartedMain] JpaBaseConfiguration$JpaWebConfiguration : spring.jpa.open-in-view is enabled by default. Therefore, database queries may be performed during view rendering. Explicitly configure spring.jpa.open-in-view to disable this warning
2026-09-01T12:22:16.144+03:00  INFO 61411 --- [HolidayTripAPI] [  restartedMain] o.s.v.b.OptionalValidatorFactoryBean     : Failed to set up a Bean Validation provider: jakarta.validation.NoProviderFoundException: Unable to create a Configuration, because no Jakarta Validation provider could be found. Add a provider like Hibernate Validator (RI) to your classpath.
2026-09-01T12:22:16.177+03:00  INFO 61411 --- [HolidayTripAPI] [  restartedMain] o.s.boot.tomcat.TomcatWebServer          : Tomcat started on port 8081 (http) with context path '/'
2026-09-01T12:22:16.178+03:00  INFO 61411 --- [HolidayTripAPI] [  restartedMain] c.h.api.HolidayTripApplication           : Started HolidayTripApplication in 0.203 seconds (process running for 434.957)
2026-09-01T12:22:16.188+03:00  INFO 61411 --- [HolidayTripAPI] [  restartedMain] .ConditionEvaluationDeltaLoggingListener : Condition evaluation unchanged
2026-09-01T12:22:45.285+03:00  INFO 61411 --- [HolidayTripAPI] [   File Watcher] rtingClassPathChangeChangedEventListener : Restarting due to 33 class path changes (0 additions, 0 deletions, 33 modifications)
2026-09-01T12:22:45.292+03:00  INFO 61411 --- [HolidayTripAPI] [      Thread-14] o.s.boot.tomcat.GracefulShutdown         : Commencing graceful shutdown. Waiting for active requests to complete
2026-09-01T12:22:45.295+03:00  INFO 61411 --- [HolidayTripAPI] [tomcat-shutdown] o.s.boot.tomcat.GracefulShutdown         : Graceful shutdown complete
2026-09-01T12:22:45.299+03:00  INFO 61411 --- [HolidayTripAPI] [      Thread-14] j.LocalContainerEntityManagerFactoryBean : Closing JPA EntityManagerFactory for persistence unit 'default'
2026-09-01T12:22:45.301+03:00  INFO 61411 --- [HolidayTripAPI] [      Thread-14] com.zaxxer.hikari.HikariDataSource       : HikariPool-4 - Shutdown initiated...
2026-09-01T12:22:45.386+03:00  INFO 61411 --- [HolidayTripAPI] [      Thread-14] com.zaxxer.hikari.HikariDataSource       : HikariPool-4 - Shutdown completed.

  .   ____          _            __ _ _
 /\\ / ___'_ __ _ _(_)_ __  __ _ \ \ \ \
( ( )\___ | '_ | '_| | '_ \/ _` | \ \ \ \
 \\/  ___)| |_)| | | | | || (_| |  ) ) ) )
  '  |____| .__|_| |_|_| |_\__, | / / / /
 =========|_|==============|___/=/_/_/_/

 :: Spring Boot ::                (v4.1.0)

2026-09-01T12:22:45.435+03:00  INFO 61411 --- [HolidayTripAPI] [  restartedMain] c.h.api.HolidayTripApplication           : Starting HolidayTripApplication using Java 17.0.14 with PID 61411 (/Users/abdulkadirkarsli/Desktop/Üniversite/Staj/Seyahat-Asistani/backend/target/classes started by abdulkadirkarsli in /Users/abdulkadirkarsli/Desktop/Üniversite/Staj/Seyahat-Asistani/backend)
2026-09-01T12:22:45.435+03:00  INFO 61411 --- [HolidayTripAPI] [  restartedMain] c.h.api.HolidayTripApplication           : No active profile set, falling back to 1 default profile: "default"
2026-09-01T12:22:45.478+03:00  INFO 61411 --- [HolidayTripAPI] [  restartedMain] .s.d.r.c.RepositoryConfigurationDelegate : Bootstrapping Spring Data JPA repositories in DEFAULT mode.
2026-09-01T12:22:45.481+03:00  INFO 61411 --- [HolidayTripAPI] [  restartedMain] .s.d.r.c.RepositoryConfigurationDelegate : Finished Spring Data repository scanning in 2 ms. Found 3 JPA repository interfaces.
2026-09-01T12:22:45.505+03:00  INFO 61411 --- [HolidayTripAPI] [  restartedMain] o.s.boot.tomcat.TomcatWebServer          : Tomcat initialized with port 8081 (http)
2026-09-01T12:22:45.505+03:00  INFO 61411 --- [HolidayTripAPI] [  restartedMain] o.apache.catalina.core.StandardService   : Starting service [Tomcat]
2026-09-01T12:22:45.505+03:00  INFO 61411 --- [HolidayTripAPI] [  restartedMain] o.apache.catalina.core.StandardEngine    : Starting Servlet engine: [Apache Tomcat/11.0.22]
2026-09-01T12:22:45.508+03:00  INFO 61411 --- [HolidayTripAPI] [  restartedMain] b.w.c.s.WebApplicationContextInitializer : Root WebApplicationContext: initialization completed in 73 ms
2026-09-01T12:22:45.519+03:00  INFO 61411 --- [HolidayTripAPI] [  restartedMain] org.hibernate.orm.jpa                    : HHH008540: Processing PersistenceUnitInfo [name: default]
2026-09-01T12:22:45.526+03:00  INFO 61411 --- [HolidayTripAPI] [  restartedMain] o.s.o.j.p.SpringPersistenceUnitInfo      : No LoadTimeWeaver setup: ignoring JPA class transformer
2026-09-01T12:22:45.527+03:00  INFO 61411 --- [HolidayTripAPI] [  restartedMain] com.zaxxer.hikari.HikariDataSource       : HikariPool-5 - Starting...
2026-09-01T12:22:45.529+03:00  INFO 61411 --- [HolidayTripAPI] [  restartedMain] com.zaxxer.hikari.pool.HikariPool        : HikariPool-5 - Added connection conn40: url=jdbc:h2:file:./data/holidaytripdb user=SA
2026-09-01T12:22:45.529+03:00  INFO 61411 --- [HolidayTripAPI] [  restartedMain] com.zaxxer.hikari.HikariDataSource       : HikariPool-5 - Start completed.
2026-09-01T12:22:45.529+03:00  WARN 61411 --- [HolidayTripAPI] [  restartedMain] org.hibernate.orm.deprecation            : HHH90000025: H2Dialect does not need to be specified explicitly using 'hibernate.dialect' (remove the property setting and it will be selected by default)
2026-09-01T12:22:45.529+03:00  INFO 61411 --- [HolidayTripAPI] [  restartedMain] org.hibernate.orm.connections.pooling    : HHH10001005: Database info:
	Database JDBC URL [jdbc:h2:file:./data/holidaytripdb]
	Database driver: H2 JDBC Driver
	Database dialect: H2Dialect
	Database version: 2.4.240
	Default catalog/schema: HOLIDAYTRIPDB/PUBLIC
	Autocommit mode: undefined/unknown
	Isolation level: READ_COMMITTED [default READ_COMMITTED]
	JDBC fetch size: 100
	Pool: DataSourceConnectionProvider
	Minimum pool size: undefined/unknown
	Maximum pool size: undefined/unknown
2026-09-01T12:22:45.550+03:00  INFO 61411 --- [HolidayTripAPI] [  restartedMain] org.hibernate.orm.core                   : HHH000489: No JTA platform available (set 'hibernate.transaction.jta.platform' to enable JTA platform integration)
2026-09-01T12:22:45.551+03:00  INFO 61411 --- [HolidayTripAPI] [  restartedMain] j.LocalContainerEntityManagerFactoryBean : Initialized JPA EntityManagerFactory for persistence unit 'default'
2026-09-01T12:22:45.583+03:00  WARN 61411 --- [HolidayTripAPI] [  restartedMain] JpaBaseConfiguration$JpaWebConfiguration : spring.jpa.open-in-view is enabled by default. Therefore, database queries may be performed during view rendering. Explicitly configure spring.jpa.open-in-view to disable this warning
2026-09-01T12:22:45.588+03:00  INFO 61411 --- [HolidayTripAPI] [  restartedMain] o.s.v.b.OptionalValidatorFactoryBean     : Failed to set up a Bean Validation provider: jakarta.validation.NoProviderFoundException: Unable to create a Configuration, because no Jakarta Validation provider could be found. Add a provider like Hibernate Validator (RI) to your classpath.
2026-09-01T12:22:45.620+03:00  INFO 61411 --- [HolidayTripAPI] [  restartedMain] o.s.boot.tomcat.TomcatWebServer          : Tomcat started on port 8081 (http) with context path '/'
2026-09-01T12:22:45.621+03:00  INFO 61411 --- [HolidayTripAPI] [  restartedMain] c.h.api.HolidayTripApplication           : Started HolidayTripApplication in 0.195 seconds (process running for 464.4)
2026-09-01T12:22:45.631+03:00  INFO 61411 --- [HolidayTripAPI] [  restartedMain] .ConditionEvaluationDeltaLoggingListener : Condition evaluation unchanged
2026-09-01T12:28:57.438+03:00  INFO 61411 --- [HolidayTripAPI] [nio-8081-exec-1] o.a.c.c.C.[Tomcat].[localhost].[/]       : Initializing Spring DispatcherServlet 'dispatcherServlet'
2026-09-01T12:28:57.441+03:00  INFO 61411 --- [HolidayTripAPI] [nio-8081-exec-1] o.s.web.servlet.DispatcherServlet        : Initializing Servlet 'dispatcherServlet'
2026-09-01T12:28:57.448+03:00  INFO 61411 --- [HolidayTripAPI] [nio-8081-exec-1] o.s.web.servlet.DispatcherServlet        : Completed initialization in 7 ms
Received prompt: Nereden: London, Nereye: Italy, Tarih: September, Bütçe: 500 pounds, Kişi: 1. Ek Detaylar: italy trip in september single from london budget is 500 pounds
Received prompt: Nereden: London, Nereye: Italy, Tarih: September, Bütçe: 500 pounds, Kişi: 1. Ek Detaylar: italy trip in september single from london budget is 500 pounds
2026-09-01T13:10:51.019+03:00  INFO 61411 --- [HolidayTripAPI] [   File Watcher] rtingClassPathChangeChangedEventListener : Restarting due to 1 class path change (1 addition, 0 deletions, 0 modifications)
2026-09-01T13:10:51.044+03:00  INFO 61411 --- [HolidayTripAPI] [      Thread-18] o.s.boot.tomcat.GracefulShutdown         : Commencing graceful shutdown. Waiting for active requests to complete
2026-09-01T13:10:51.047+03:00  INFO 61411 --- [HolidayTripAPI] [tomcat-shutdown] o.s.boot.tomcat.GracefulShutdown         : Graceful shutdown complete
2026-09-01T13:10:51.050+03:00  INFO 61411 --- [HolidayTripAPI] [      Thread-18] j.LocalContainerEntityManagerFactoryBean : Closing JPA EntityManagerFactory for persistence unit 'default'
2026-09-01T13:10:51.052+03:00  INFO 61411 --- [HolidayTripAPI] [      Thread-18] com.zaxxer.hikari.HikariDataSource       : HikariPool-5 - Shutdown initiated...
2026-09-01T13:10:51.103+03:00  INFO 61411 --- [HolidayTripAPI] [      Thread-18] com.zaxxer.hikari.HikariDataSource       : HikariPool-5 - Shutdown completed.

  .   ____          _            __ _ _
 /\\ / ___'_ __ _ _(_)_ __  __ _ \ \ \ \
( ( )\___ | '_ | '_| | '_ \/ _` | \ \ \ \
 \\/  ___)| |_)| | | | | || (_| |  ) ) ) )
  '  |____| .__|_| |_|_| |_\__, | / / / /
 =========|_|==============|___/=/_/_/_/

 :: Spring Boot ::                (v4.1.0)

2026-09-01T13:10:51.168+03:00  INFO 61411 --- [HolidayTripAPI] [  restartedMain] c.h.api.HolidayTripApplication           : Starting HolidayTripApplication using Java 17.0.14 with PID 61411 (/Users/abdulkadirkarsli/Desktop/Üniversite/Staj/Seyahat-Asistani/backend/target/classes started by abdulkadirkarsli in /Users/abdulkadirkarsli/Desktop/Üniversite/Staj/Seyahat-Asistani/backend)
2026-09-01T13:10:51.169+03:00  INFO 61411 --- [HolidayTripAPI] [  restartedMain] c.h.api.HolidayTripApplication           : No active profile set, falling back to 1 default profile: "default"
2026-09-01T13:10:51.228+03:00  INFO 61411 --- [HolidayTripAPI] [  restartedMain] .s.d.r.c.RepositoryConfigurationDelegate : Bootstrapping Spring Data JPA repositories in DEFAULT mode.
2026-09-01T13:10:51.232+03:00  INFO 61411 --- [HolidayTripAPI] [  restartedMain] .s.d.r.c.RepositoryConfigurationDelegate : Finished Spring Data repository scanning in 3 ms. Found 3 JPA repository interfaces.
2026-09-01T13:10:51.265+03:00  INFO 61411 --- [HolidayTripAPI] [  restartedMain] o.s.boot.tomcat.TomcatWebServer          : Tomcat initialized with port 8081 (http)
2026-09-01T13:10:51.265+03:00  INFO 61411 --- [HolidayTripAPI] [  restartedMain] o.apache.catalina.core.StandardService   : Starting service [Tomcat]
2026-09-01T13:10:51.265+03:00  INFO 61411 --- [HolidayTripAPI] [  restartedMain] o.apache.catalina.core.StandardEngine    : Starting Servlet engine: [Apache Tomcat/11.0.22]
2026-09-01T13:10:51.270+03:00  INFO 61411 --- [HolidayTripAPI] [  restartedMain] b.w.c.s.WebApplicationContextInitializer : Root WebApplicationContext: initialization completed in 100 ms
2026-09-01T13:10:51.282+03:00  INFO 61411 --- [HolidayTripAPI] [  restartedMain] org.hibernate.orm.jpa                    : HHH008540: Processing PersistenceUnitInfo [name: default]
2026-09-01T13:10:51.290+03:00  INFO 61411 --- [HolidayTripAPI] [  restartedMain] o.s.o.j.p.SpringPersistenceUnitInfo      : No LoadTimeWeaver setup: ignoring JPA class transformer
2026-09-01T13:10:51.290+03:00  INFO 61411 --- [HolidayTripAPI] [  restartedMain] com.zaxxer.hikari.HikariDataSource       : HikariPool-6 - Starting...
2026-09-01T13:10:51.292+03:00  INFO 61411 --- [HolidayTripAPI] [  restartedMain] com.zaxxer.hikari.pool.HikariPool        : HikariPool-6 - Added connection conn61: url=jdbc:h2:file:./data/holidaytripdb user=SA
2026-09-01T13:10:51.292+03:00  INFO 61411 --- [HolidayTripAPI] [  restartedMain] com.zaxxer.hikari.HikariDataSource       : HikariPool-6 - Start completed.
2026-09-01T13:10:51.293+03:00  WARN 61411 --- [HolidayTripAPI] [  restartedMain] org.hibernate.orm.deprecation            : HHH90000025: H2Dialect does not need to be specified explicitly using 'hibernate.dialect' (remove the property setting and it will be selected by default)
2026-09-01T13:10:51.293+03:00  INFO 61411 --- [HolidayTripAPI] [  restartedMain] org.hibernate.orm.connections.pooling    : HHH10001005: Database info:
	Database JDBC URL [jdbc:h2:file:./data/holidaytripdb]
	Database driver: H2 JDBC Driver
	Database dialect: H2Dialect
	Database version: 2.4.240
	Default catalog/schema: HOLIDAYTRIPDB/PUBLIC
	Autocommit mode: undefined/unknown
	Isolation level: READ_COMMITTED [default READ_COMMITTED]
	JDBC fetch size: 100
	Pool: DataSourceConnectionProvider
	Minimum pool size: undefined/unknown
	Maximum pool size: undefined/unknown
2026-09-01T13:10:51.316+03:00  INFO 61411 --- [HolidayTripAPI] [  restartedMain] org.hibernate.orm.core                   : HHH000489: No JTA platform available (set 'hibernate.transaction.jta.platform' to enable JTA platform integration)
2026-09-01T13:10:51.317+03:00  INFO 61411 --- [HolidayTripAPI] [  restartedMain] j.LocalContainerEntityManagerFactoryBean : Initialized JPA EntityManagerFactory for persistence unit 'default'
2026-09-01T13:10:51.352+03:00  WARN 61411 --- [HolidayTripAPI] [  restartedMain] JpaBaseConfiguration$JpaWebConfiguration : spring.jpa.open-in-view is enabled by default. Therefore, database queries may be performed during view rendering. Explicitly configure spring.jpa.open-in-view to disable this warning
2026-09-01T13:10:51.357+03:00  INFO 61411 --- [HolidayTripAPI] [  restartedMain] o.s.v.b.OptionalValidatorFactoryBean     : Failed to set up a Bean Validation provider: jakarta.validation.NoProviderFoundException: Unable to create a Configuration, because no Jakarta Validation provider could be found. Add a provider like Hibernate Validator (RI) to your classpath.
2026-09-01T13:10:51.393+03:00  INFO 61411 --- [HolidayTripAPI] [  restartedMain] o.s.boot.tomcat.TomcatWebServer          : Tomcat started on port 8081 (http) with context path '/'
2026-09-01T13:10:51.395+03:00  INFO 61411 --- [HolidayTripAPI] [  restartedMain] c.h.api.HolidayTripApplication           : Started HolidayTripApplication in 0.235 seconds (process running for 3350.117)
2026-09-01T13:10:51.406+03:00  INFO 61411 --- [HolidayTripAPI] [  restartedMain] .ConditionEvaluationDeltaLoggingListener : Condition evaluation unchanged
2026-09-01T13:10:53.813+03:00  INFO 61411 --- [HolidayTripAPI] [   File Watcher] rtingClassPathChangeChangedEventListener : Restarting due to 1 class path change (1 addition, 0 deletions, 0 modifications)
2026-09-01T13:10:53.814+03:00  INFO 61411 --- [HolidayTripAPI] [      Thread-22] o.s.boot.tomcat.GracefulShutdown         : Commencing graceful shutdown. Waiting for active requests to complete
2026-09-01T13:10:53.816+03:00  INFO 61411 --- [HolidayTripAPI] [tomcat-shutdown] o.s.boot.tomcat.GracefulShutdown         : Graceful shutdown complete
2026-09-01T13:10:53.818+03:00  INFO 61411 --- [HolidayTripAPI] [      Thread-22] j.LocalContainerEntityManagerFactoryBean : Closing JPA EntityManagerFactory for persistence unit 'default'
2026-09-01T13:10:53.819+03:00  INFO 61411 --- [HolidayTripAPI] [      Thread-22] com.zaxxer.hikari.HikariDataSource       : HikariPool-6 - Shutdown initiated...
2026-09-01T13:10:53.904+03:00  INFO 61411 --- [HolidayTripAPI] [      Thread-22] com.zaxxer.hikari.HikariDataSource       : HikariPool-6 - Shutdown completed.

  .   ____          _            __ _ _
 /\\ / ___'_ __ _ _(_)_ __  __ _ \ \ \ \
( ( )\___ | '_ | '_| | '_ \/ _` | \ \ \ \
 \\/  ___)| |_)| | | | | || (_| |  ) ) ) )
  '  |____| .__|_| |_|_| |_\__, | / / / /
 =========|_|==============|___/=/_/_/_/

 :: Spring Boot ::                (v4.1.0)

2026-09-01T13:10:53.939+03:00  INFO 61411 --- [HolidayTripAPI] [  restartedMain] c.h.api.HolidayTripApplication           : Starting HolidayTripApplication using Java 17.0.14 with PID 61411 (/Users/abdulkadirkarsli/Desktop/Üniversite/Staj/Seyahat-Asistani/backend/target/classes started by abdulkadirkarsli in /Users/abdulkadirkarsli/Desktop/Üniversite/Staj/Seyahat-Asistani/backend)
2026-09-01T13:10:53.939+03:00  INFO 61411 --- [HolidayTripAPI] [  restartedMain] c.h.api.HolidayTripApplication           : No active profile set, falling back to 1 default profile: "default"
2026-09-01T13:10:53.979+03:00  INFO 61411 --- [HolidayTripAPI] [  restartedMain] .s.d.r.c.RepositoryConfigurationDelegate : Bootstrapping Spring Data JPA repositories in DEFAULT mode.
2026-09-01T13:10:53.983+03:00  INFO 61411 --- [HolidayTripAPI] [  restartedMain] .s.d.r.c.RepositoryConfigurationDelegate : Finished Spring Data repository scanning in 2 ms. Found 3 JPA repository interfaces.
2026-09-01T13:10:54.005+03:00  INFO 61411 --- [HolidayTripAPI] [  restartedMain] o.s.boot.tomcat.TomcatWebServer          : Tomcat initialized with port 8081 (http)
2026-09-01T13:10:54.006+03:00  INFO 61411 --- [HolidayTripAPI] [  restartedMain] o.apache.catalina.core.StandardService   : Starting service [Tomcat]
2026-09-01T13:10:54.006+03:00  INFO 61411 --- [HolidayTripAPI] [  restartedMain] o.apache.catalina.core.StandardEngine    : Starting Servlet engine: [Apache Tomcat/11.0.22]
2026-09-01T13:10:54.009+03:00  INFO 61411 --- [HolidayTripAPI] [  restartedMain] b.w.c.s.WebApplicationContextInitializer : Root WebApplicationContext: initialization completed in 70 ms
2026-09-01T13:10:54.020+03:00  INFO 61411 --- [HolidayTripAPI] [  restartedMain] org.hibernate.orm.jpa                    : HHH008540: Processing PersistenceUnitInfo [name: default]
2026-09-01T13:10:54.026+03:00  INFO 61411 --- [HolidayTripAPI] [  restartedMain] o.s.o.j.p.SpringPersistenceUnitInfo      : No LoadTimeWeaver setup: ignoring JPA class transformer
2026-09-01T13:10:54.026+03:00  INFO 61411 --- [HolidayTripAPI] [  restartedMain] com.zaxxer.hikari.HikariDataSource       : HikariPool-7 - Starting...
2026-09-01T13:10:54.028+03:00  INFO 61411 --- [HolidayTripAPI] [  restartedMain] com.zaxxer.hikari.pool.HikariPool        : HikariPool-7 - Added connection conn71: url=jdbc:h2:file:./data/holidaytripdb user=SA
2026-09-01T13:10:54.028+03:00  INFO 61411 --- [HolidayTripAPI] [  restartedMain] com.zaxxer.hikari.HikariDataSource       : HikariPool-7 - Start completed.
2026-09-01T13:10:54.029+03:00  WARN 61411 --- [HolidayTripAPI] [  restartedMain] org.hibernate.orm.deprecation            : HHH90000025: H2Dialect does not need to be specified explicitly using 'hibernate.dialect' (remove the property setting and it will be selected by default)
2026-09-01T13:10:54.029+03:00  INFO 61411 --- [HolidayTripAPI] [  restartedMain] org.hibernate.orm.connections.pooling    : HHH10001005: Database info:
	Database JDBC URL [jdbc:h2:file:./data/holidaytripdb]
	Database driver: H2 JDBC Driver
	Database dialect: H2Dialect
	Database version: 2.4.240
	Default catalog/schema: HOLIDAYTRIPDB/PUBLIC
	Autocommit mode: undefined/unknown
	Isolation level: READ_COMMITTED [default READ_COMMITTED]
	JDBC fetch size: 100
	Pool: DataSourceConnectionProvider
	Minimum pool size: undefined/unknown
	Maximum pool size: undefined/unknown
2026-09-01T13:10:54.047+03:00  INFO 61411 --- [HolidayTripAPI] [  restartedMain] org.hibernate.orm.core                   : HHH000489: No JTA platform available (set 'hibernate.transaction.jta.platform' to enable JTA platform integration)
2026-09-01T13:10:54.047+03:00  INFO 61411 --- [HolidayTripAPI] [  restartedMain] j.LocalContainerEntityManagerFactoryBean : Initialized JPA EntityManagerFactory for persistence unit 'default'
2026-09-01T13:10:54.078+03:00  WARN 61411 --- [HolidayTripAPI] [  restartedMain] JpaBaseConfiguration$JpaWebConfiguration : spring.jpa.open-in-view is enabled by default. Therefore, database queries may be performed during view rendering. Explicitly configure spring.jpa.open-in-view to disable this warning
2026-09-01T13:10:54.083+03:00  INFO 61411 --- [HolidayTripAPI] [  restartedMain] o.s.v.b.OptionalValidatorFactoryBean     : Failed to set up a Bean Validation provider: jakarta.validation.NoProviderFoundException: Unable to create a Configuration, because no Jakarta Validation provider could be found. Add a provider like Hibernate Validator (RI) to your classpath.
2026-09-01T13:10:54.116+03:00  INFO 61411 --- [HolidayTripAPI] [  restartedMain] o.s.boot.tomcat.TomcatWebServer          : Tomcat started on port 8081 (http) with context path '/'
2026-09-01T13:10:54.117+03:00  INFO 61411 --- [HolidayTripAPI] [  restartedMain] c.h.api.HolidayTripApplication           : Started HolidayTripApplication in 0.185 seconds (process running for 3352.839)
2026-09-01T13:10:54.126+03:00  INFO 61411 --- [HolidayTripAPI] [  restartedMain] .ConditionEvaluationDeltaLoggingListener : Condition evaluation unchanged
2026-09-01T13:11:09.683+03:00  INFO 61411 --- [HolidayTripAPI] [   File Watcher] rtingClassPathChangeChangedEventListener : Restarting due to 3 class path changes (0 additions, 0 deletions, 3 modifications)
2026-09-01T13:11:09.684+03:00  INFO 61411 --- [HolidayTripAPI] [      Thread-26] o.s.boot.tomcat.GracefulShutdown         : Commencing graceful shutdown. Waiting for active requests to complete
2026-09-01T13:11:09.684+03:00  INFO 61411 --- [HolidayTripAPI] [tomcat-shutdown] o.s.boot.tomcat.GracefulShutdown         : Graceful shutdown complete
2026-09-01T13:11:09.685+03:00  INFO 61411 --- [HolidayTripAPI] [      Thread-26] j.LocalContainerEntityManagerFactoryBean : Closing JPA EntityManagerFactory for persistence unit 'default'
2026-09-01T13:11:09.685+03:00  INFO 61411 --- [HolidayTripAPI] [      Thread-26] com.zaxxer.hikari.HikariDataSource       : HikariPool-7 - Shutdown initiated...
2026-09-01T13:11:09.764+03:00  INFO 61411 --- [HolidayTripAPI] [      Thread-26] com.zaxxer.hikari.HikariDataSource       : HikariPool-7 - Shutdown completed.

  .   ____          _            __ _ _
 /\\ / ___'_ __ _ _(_)_ __  __ _ \ \ \ \
( ( )\___ | '_ | '_| | '_ \/ _` | \ \ \ \
 \\/  ___)| |_)| | | | | || (_| |  ) ) ) )
  '  |____| .__|_| |_|_| |_\__, | / / / /
 =========|_|==============|___/=/_/_/_/

 :: Spring Boot ::                (v4.1.0)

2026-09-01T13:11:09.791+03:00  INFO 61411 --- [HolidayTripAPI] [  restartedMain] c.h.api.HolidayTripApplication           : Starting HolidayTripApplication using Java 17.0.14 with PID 61411 (/Users/abdulkadirkarsli/Desktop/Üniversite/Staj/Seyahat-Asistani/backend/target/classes started by abdulkadirkarsli in /Users/abdulkadirkarsli/Desktop/Üniversite/Staj/Seyahat-Asistani/backend)
2026-09-01T13:11:09.791+03:00  INFO 61411 --- [HolidayTripAPI] [  restartedMain] c.h.api.HolidayTripApplication           : No active profile set, falling back to 1 default profile: "default"
2026-09-01T13:11:09.832+03:00  INFO 61411 --- [HolidayTripAPI] [  restartedMain] .s.d.r.c.RepositoryConfigurationDelegate : Bootstrapping Spring Data JPA repositories in DEFAULT mode.
2026-09-01T13:11:09.835+03:00  INFO 61411 --- [HolidayTripAPI] [  restartedMain] .s.d.r.c.RepositoryConfigurationDelegate : Finished Spring Data repository scanning in 2 ms. Found 3 JPA repository interfaces.
2026-09-01T13:11:09.862+03:00  INFO 61411 --- [HolidayTripAPI] [  restartedMain] o.s.boot.tomcat.TomcatWebServer          : Tomcat initialized with port 8081 (http)
2026-09-01T13:11:09.862+03:00  INFO 61411 --- [HolidayTripAPI] [  restartedMain] o.apache.catalina.core.StandardService   : Starting service [Tomcat]
2026-09-01T13:11:09.862+03:00  INFO 61411 --- [HolidayTripAPI] [  restartedMain] o.apache.catalina.core.StandardEngine    : Starting Servlet engine: [Apache Tomcat/11.0.22]
2026-09-01T13:11:09.866+03:00  INFO 61411 --- [HolidayTripAPI] [  restartedMain] b.w.c.s.WebApplicationContextInitializer : Root WebApplicationContext: initialization completed in 75 ms
2026-09-01T13:11:09.876+03:00  INFO 61411 --- [HolidayTripAPI] [  restartedMain] org.hibernate.orm.jpa                    : HHH008540: Processing PersistenceUnitInfo [name: default]
2026-09-01T13:11:09.883+03:00  INFO 61411 --- [HolidayTripAPI] [  restartedMain] o.s.o.j.p.SpringPersistenceUnitInfo      : No LoadTimeWeaver setup: ignoring JPA class transformer
2026-09-01T13:11:09.883+03:00  INFO 61411 --- [HolidayTripAPI] [  restartedMain] com.zaxxer.hikari.HikariDataSource       : HikariPool-8 - Starting...
2026-09-01T13:11:09.885+03:00  INFO 61411 --- [HolidayTripAPI] [  restartedMain] com.zaxxer.hikari.pool.HikariPool        : HikariPool-8 - Added connection conn81: url=jdbc:h2:file:./data/holidaytripdb user=SA
2026-09-01T13:11:09.885+03:00  INFO 61411 --- [HolidayTripAPI] [  restartedMain] com.zaxxer.hikari.HikariDataSource       : HikariPool-8 - Start completed.
2026-09-01T13:11:09.885+03:00  WARN 61411 --- [HolidayTripAPI] [  restartedMain] org.hibernate.orm.deprecation            : HHH90000025: H2Dialect does not need to be specified explicitly using 'hibernate.dialect' (remove the property setting and it will be selected by default)
2026-09-01T13:11:09.885+03:00  INFO 61411 --- [HolidayTripAPI] [  restartedMain] org.hibernate.orm.connections.pooling    : HHH10001005: Database info:
	Database JDBC URL [jdbc:h2:file:./data/holidaytripdb]
	Database driver: H2 JDBC Driver
	Database dialect: H2Dialect
	Database version: 2.4.240
	Default catalog/schema: HOLIDAYTRIPDB/PUBLIC
	Autocommit mode: undefined/unknown
	Isolation level: READ_COMMITTED [default READ_COMMITTED]
	JDBC fetch size: 100
	Pool: DataSourceConnectionProvider
	Minimum pool size: undefined/unknown
	Maximum pool size: undefined/unknown
2026-09-01T13:11:09.903+03:00  INFO 61411 --- [HolidayTripAPI] [  restartedMain] org.hibernate.orm.core                   : HHH000489: No JTA platform available (set 'hibernate.transaction.jta.platform' to enable JTA platform integration)
2026-09-01T13:11:09.903+03:00  INFO 61411 --- [HolidayTripAPI] [  restartedMain] j.LocalContainerEntityManagerFactoryBean : Initialized JPA EntityManagerFactory for persistence unit 'default'
2026-09-01T13:11:09.959+03:00  WARN 61411 --- [HolidayTripAPI] [  restartedMain] JpaBaseConfiguration$JpaWebConfiguration : spring.jpa.open-in-view is enabled by default. Therefore, database queries may be performed during view rendering. Explicitly configure spring.jpa.open-in-view to disable this warning
2026-09-01T13:11:09.963+03:00  INFO 61411 --- [HolidayTripAPI] [  restartedMain] o.s.v.b.OptionalValidatorFactoryBean     : Failed to set up a Bean Validation provider: jakarta.validation.NoProviderFoundException: Unable to create a Configuration, because no Jakarta Validation provider could be found. Add a provider like Hibernate Validator (RI) to your classpath.
2026-09-01T13:11:09.995+03:00  INFO 61411 --- [HolidayTripAPI] [  restartedMain] o.s.boot.tomcat.TomcatWebServer          : Tomcat started on port 8081 (http) with context path '/'
2026-09-01T13:11:09.995+03:00  INFO 61411 --- [HolidayTripAPI] [  restartedMain] c.h.api.HolidayTripApplication           : Started HolidayTripApplication in 0.21 seconds (process running for 3368.717)
2026-09-01T13:11:10.005+03:00  INFO 61411 --- [HolidayTripAPI] [  restartedMain] .ConditionEvaluationDeltaLoggingListener : Condition evaluation unchanged
2026-09-01T13:11:11.413+03:00  INFO 61411 --- [HolidayTripAPI] [   File Watcher] rtingClassPathChangeChangedEventListener : Restarting due to 1 class path change (0 additions, 0 deletions, 1 modification)
2026-09-01T13:11:11.414+03:00  INFO 61411 --- [HolidayTripAPI] [      Thread-30] o.s.boot.tomcat.GracefulShutdown         : Commencing graceful shutdown. Waiting for active requests to complete
2026-09-01T13:11:11.415+03:00  INFO 61411 --- [HolidayTripAPI] [tomcat-shutdown] o.s.boot.tomcat.GracefulShutdown         : Graceful shutdown complete
2026-09-01T13:11:11.416+03:00  INFO 61411 --- [HolidayTripAPI] [      Thread-30] j.LocalContainerEntityManagerFactoryBean : Closing JPA EntityManagerFactory for persistence unit 'default'
2026-09-01T13:11:11.416+03:00  INFO 61411 --- [HolidayTripAPI] [      Thread-30] com.zaxxer.hikari.HikariDataSource       : HikariPool-8 - Shutdown initiated...
2026-09-01T13:11:11.496+03:00  INFO 61411 --- [HolidayTripAPI] [      Thread-30] com.zaxxer.hikari.HikariDataSource       : HikariPool-8 - Shutdown completed.

  .   ____          _            __ _ _
 /\\ / ___'_ __ _ _(_)_ __  __ _ \ \ \ \
( ( )\___ | '_ | '_| | '_ \/ _` | \ \ \ \
 \\/  ___)| |_)| | | | | || (_| |  ) ) ) )
  '  |____| .__|_| |_|_| |_\__, | / / / /
 =========|_|==============|___/=/_/_/_/

 :: Spring Boot ::                (v4.1.0)

2026-09-01T13:11:11.525+03:00  INFO 61411 --- [HolidayTripAPI] [  restartedMain] c.h.api.HolidayTripApplication           : Starting HolidayTripApplication using Java 17.0.14 with PID 61411 (/Users/abdulkadirkarsli/Desktop/Üniversite/Staj/Seyahat-Asistani/backend/target/classes started by abdulkadirkarsli in /Users/abdulkadirkarsli/Desktop/Üniversite/Staj/Seyahat-Asistani/backend)
2026-09-01T13:11:11.525+03:00  INFO 61411 --- [HolidayTripAPI] [  restartedMain] c.h.api.HolidayTripApplication           : No active profile set, falling back to 1 default profile: "default"
2026-09-01T13:11:11.565+03:00  INFO 61411 --- [HolidayTripAPI] [  restartedMain] .s.d.r.c.RepositoryConfigurationDelegate : Bootstrapping Spring Data JPA repositories in DEFAULT mode.
2026-09-01T13:11:11.568+03:00  INFO 61411 --- [HolidayTripAPI] [  restartedMain] .s.d.r.c.RepositoryConfigurationDelegate : Finished Spring Data repository scanning in 2 ms. Found 3 JPA repository interfaces.
2026-09-01T13:11:11.593+03:00  INFO 61411 --- [HolidayTripAPI] [  restartedMain] o.s.boot.tomcat.TomcatWebServer          : Tomcat initialized with port 8081 (http)
2026-09-01T13:11:11.594+03:00  INFO 61411 --- [HolidayTripAPI] [  restartedMain] o.apache.catalina.core.StandardService   : Starting service [Tomcat]
2026-09-01T13:11:11.594+03:00  INFO 61411 --- [HolidayTripAPI] [  restartedMain] o.apache.catalina.core.StandardEngine    : Starting Servlet engine: [Apache Tomcat/11.0.22]
2026-09-01T13:11:11.597+03:00  INFO 61411 --- [HolidayTripAPI] [  restartedMain] b.w.c.s.WebApplicationContextInitializer : Root WebApplicationContext: initialization completed in 72 ms
2026-09-01T13:11:11.608+03:00  INFO 61411 --- [HolidayTripAPI] [  restartedMain] org.hibernate.orm.jpa                    : HHH008540: Processing PersistenceUnitInfo [name: default]
2026-09-01T13:11:11.614+03:00  INFO 61411 --- [HolidayTripAPI] [  restartedMain] o.s.o.j.p.SpringPersistenceUnitInfo      : No LoadTimeWeaver setup: ignoring JPA class transformer
2026-09-01T13:11:11.614+03:00  INFO 61411 --- [HolidayTripAPI] [  restartedMain] com.zaxxer.hikari.HikariDataSource       : HikariPool-9 - Starting...
2026-09-01T13:11:11.617+03:00  INFO 61411 --- [HolidayTripAPI] [  restartedMain] com.zaxxer.hikari.pool.HikariPool        : HikariPool-9 - Added connection conn91: url=jdbc:h2:file:./data/holidaytripdb user=SA
2026-09-01T13:11:11.617+03:00  INFO 61411 --- [HolidayTripAPI] [  restartedMain] com.zaxxer.hikari.HikariDataSource       : HikariPool-9 - Start completed.
2026-09-01T13:11:11.617+03:00  WARN 61411 --- [HolidayTripAPI] [  restartedMain] org.hibernate.orm.deprecation            : HHH90000025: H2Dialect does not need to be specified explicitly using 'hibernate.dialect' (remove the property setting and it will be selected by default)
2026-09-01T13:11:11.617+03:00  INFO 61411 --- [HolidayTripAPI] [  restartedMain] org.hibernate.orm.connections.pooling    : HHH10001005: Database info:
	Database JDBC URL [jdbc:h2:file:./data/holidaytripdb]
	Database driver: H2 JDBC Driver
	Database dialect: H2Dialect
	Database version: 2.4.240
	Default catalog/schema: HOLIDAYTRIPDB/PUBLIC
	Autocommit mode: undefined/unknown
	Isolation level: READ_COMMITTED [default READ_COMMITTED]
	JDBC fetch size: 100
	Pool: DataSourceConnectionProvider
	Minimum pool size: undefined/unknown
	Maximum pool size: undefined/unknown
2026-09-01T13:11:11.632+03:00  INFO 61411 --- [HolidayTripAPI] [  restartedMain] org.hibernate.orm.core                   : HHH000489: No JTA platform available (set 'hibernate.transaction.jta.platform' to enable JTA platform integration)
2026-09-01T13:11:11.636+03:00  INFO 61411 --- [HolidayTripAPI] [  restartedMain] j.LocalContainerEntityManagerFactoryBean : Initialized JPA EntityManagerFactory for persistence unit 'default'
2026-09-01T13:11:11.664+03:00  WARN 61411 --- [HolidayTripAPI] [  restartedMain] JpaBaseConfiguration$JpaWebConfiguration : spring.jpa.open-in-view is enabled by default. Therefore, database queries may be performed during view rendering. Explicitly configure spring.jpa.open-in-view to disable this warning
2026-09-01T13:11:11.668+03:00  INFO 61411 --- [HolidayTripAPI] [  restartedMain] o.s.v.b.OptionalValidatorFactoryBean     : Failed to set up a Bean Validation provider: jakarta.validation.NoProviderFoundException: Unable to create a Configuration, because no Jakarta Validation provider could be found. Add a provider like Hibernate Validator (RI) to your classpath.
2026-09-01T13:11:11.699+03:00  INFO 61411 --- [HolidayTripAPI] [  restartedMain] o.s.boot.tomcat.TomcatWebServer          : Tomcat started on port 8081 (http) with context path '/'
2026-09-01T13:11:11.700+03:00  INFO 61411 --- [HolidayTripAPI] [  restartedMain] c.h.api.HolidayTripApplication           : Started HolidayTripApplication in 0.182 seconds (process running for 3370.422)
2026-09-01T13:11:11.709+03:00  INFO 61411 --- [HolidayTripAPI] [  restartedMain] .ConditionEvaluationDeltaLoggingListener : Condition evaluation unchanged
2026-09-01T13:11:22.225+03:00  INFO 61411 --- [HolidayTripAPI] [   File Watcher] rtingClassPathChangeChangedEventListener : Restarting due to 1 class path change (0 additions, 0 deletions, 1 modification)
2026-09-01T13:11:22.226+03:00  INFO 61411 --- [HolidayTripAPI] [      Thread-34] o.s.boot.tomcat.GracefulShutdown         : Commencing graceful shutdown. Waiting for active requests to complete
2026-09-01T13:11:22.228+03:00  INFO 61411 --- [HolidayTripAPI] [tomcat-shutdown] o.s.boot.tomcat.GracefulShutdown         : Graceful shutdown complete
2026-09-01T13:11:22.229+03:00  INFO 61411 --- [HolidayTripAPI] [      Thread-34] j.LocalContainerEntityManagerFactoryBean : Closing JPA EntityManagerFactory for persistence unit 'default'
2026-09-01T13:11:22.229+03:00  INFO 61411 --- [HolidayTripAPI] [      Thread-34] com.zaxxer.hikari.HikariDataSource       : HikariPool-9 - Shutdown initiated...
2026-09-01T13:11:22.328+03:00  INFO 61411 --- [HolidayTripAPI] [      Thread-34] com.zaxxer.hikari.HikariDataSource       : HikariPool-9 - Shutdown completed.

  .   ____          _            __ _ _
 /\\ / ___'_ __ _ _(_)_ __  __ _ \ \ \ \
( ( )\___ | '_ | '_| | '_ \/ _` | \ \ \ \
 \\/  ___)| |_)| | | | | || (_| |  ) ) ) )
  '  |____| .__|_| |_|_| |_\__, | / / / /
 =========|_|==============|___/=/_/_/_/

 :: Spring Boot ::                (v4.1.0)

2026-09-01T13:11:22.381+03:00  INFO 61411 --- [HolidayTripAPI] [  restartedMain] c.h.api.HolidayTripApplication           : Starting HolidayTripApplication using Java 17.0.14 with PID 61411 (/Users/abdulkadirkarsli/Desktop/Üniversite/Staj/Seyahat-Asistani/backend/target/classes started by abdulkadirkarsli in /Users/abdulkadirkarsli/Desktop/Üniversite/Staj/Seyahat-Asistani/backend)
2026-09-01T13:11:22.381+03:00  INFO 61411 --- [HolidayTripAPI] [  restartedMain] c.h.api.HolidayTripApplication           : No active profile set, falling back to 1 default profile: "default"
2026-09-01T13:11:22.437+03:00  INFO 61411 --- [HolidayTripAPI] [  restartedMain] .s.d.r.c.RepositoryConfigurationDelegate : Bootstrapping Spring Data JPA repositories in DEFAULT mode.
2026-09-01T13:11:22.440+03:00  INFO 61411 --- [HolidayTripAPI] [  restartedMain] .s.d.r.c.RepositoryConfigurationDelegate : Finished Spring Data repository scanning in 2 ms. Found 3 JPA repository interfaces.
2026-09-01T13:11:22.470+03:00  INFO 61411 --- [HolidayTripAPI] [  restartedMain] o.s.boot.tomcat.TomcatWebServer          : Tomcat initialized with port 8081 (http)
2026-09-01T13:11:22.471+03:00  INFO 61411 --- [HolidayTripAPI] [  restartedMain] o.apache.catalina.core.StandardService   : Starting service [Tomcat]
2026-09-01T13:11:22.471+03:00  INFO 61411 --- [HolidayTripAPI] [  restartedMain] o.apache.catalina.core.StandardEngine    : Starting Servlet engine: [Apache Tomcat/11.0.22]
2026-09-01T13:11:22.475+03:00  INFO 61411 --- [HolidayTripAPI] [  restartedMain] b.w.c.s.WebApplicationContextInitializer : Root WebApplicationContext: initialization completed in 94 ms
2026-09-01T13:11:22.486+03:00  INFO 61411 --- [HolidayTripAPI] [  restartedMain] org.hibernate.orm.jpa                    : HHH008540: Processing PersistenceUnitInfo [name: default]
2026-09-01T13:11:22.492+03:00  INFO 61411 --- [HolidayTripAPI] [  restartedMain] o.s.o.j.p.SpringPersistenceUnitInfo      : No LoadTimeWeaver setup: ignoring JPA class transformer
2026-09-01T13:11:22.492+03:00  INFO 61411 --- [HolidayTripAPI] [  restartedMain] com.zaxxer.hikari.HikariDataSource       : HikariPool-10 - Starting...
2026-09-01T13:11:22.494+03:00  INFO 61411 --- [HolidayTripAPI] [  restartedMain] com.zaxxer.hikari.pool.HikariPool        : HikariPool-10 - Added connection conn101: url=jdbc:h2:file:./data/holidaytripdb user=SA
2026-09-01T13:11:22.494+03:00  INFO 61411 --- [HolidayTripAPI] [  restartedMain] com.zaxxer.hikari.HikariDataSource       : HikariPool-10 - Start completed.
2026-09-01T13:11:22.494+03:00  WARN 61411 --- [HolidayTripAPI] [  restartedMain] org.hibernate.orm.deprecation            : HHH90000025: H2Dialect does not need to be specified explicitly using 'hibernate.dialect' (remove the property setting and it will be selected by default)
2026-09-01T13:11:22.494+03:00  INFO 61411 --- [HolidayTripAPI] [  restartedMain] org.hibernate.orm.connections.pooling    : HHH10001005: Database info:
	Database JDBC URL [jdbc:h2:file:./data/holidaytripdb]
	Database driver: H2 JDBC Driver
	Database dialect: H2Dialect
	Database version: 2.4.240
	Default catalog/schema: HOLIDAYTRIPDB/PUBLIC
	Autocommit mode: undefined/unknown
	Isolation level: READ_COMMITTED [default READ_COMMITTED]
	JDBC fetch size: 100
	Pool: DataSourceConnectionProvider
	Minimum pool size: undefined/unknown
	Maximum pool size: undefined/unknown
2026-09-01T13:11:22.512+03:00  INFO 61411 --- [HolidayTripAPI] [  restartedMain] org.hibernate.orm.core                   : HHH000489: No JTA platform available (set 'hibernate.transaction.jta.platform' to enable JTA platform integration)
2026-09-01T13:11:22.513+03:00  INFO 61411 --- [HolidayTripAPI] [  restartedMain] j.LocalContainerEntityManagerFactoryBean : Initialized JPA EntityManagerFactory for persistence unit 'default'
2026-09-01T13:11:22.544+03:00  WARN 61411 --- [HolidayTripAPI] [  restartedMain] JpaBaseConfiguration$JpaWebConfiguration : spring.jpa.open-in-view is enabled by default. Therefore, database queries may be performed during view rendering. Explicitly configure spring.jpa.open-in-view to disable this warning
2026-09-01T13:11:22.548+03:00  INFO 61411 --- [HolidayTripAPI] [  restartedMain] o.s.v.b.OptionalValidatorFactoryBean     : Failed to set up a Bean Validation provider: jakarta.validation.NoProviderFoundException: Unable to create a Configuration, because no Jakarta Validation provider could be found. Add a provider like Hibernate Validator (RI) to your classpath.
2026-09-01T13:11:22.582+03:00  INFO 61411 --- [HolidayTripAPI] [  restartedMain] o.s.boot.tomcat.TomcatWebServer          : Tomcat started on port 8081 (http) with context path '/'
2026-09-01T13:11:22.583+03:00  INFO 61411 --- [HolidayTripAPI] [  restartedMain] c.h.api.HolidayTripApplication           : Started HolidayTripApplication in 0.209 seconds (process running for 3381.304)
2026-09-01T13:11:22.593+03:00  INFO 61411 --- [HolidayTripAPI] [  restartedMain] .ConditionEvaluationDeltaLoggingListener : Condition evaluation unchanged
2026-09-01T13:13:43.407+03:00  INFO 61411 --- [HolidayTripAPI] [nio-8081-exec-1] o.a.c.c.C.[Tomcat].[localhost].[/]       : Initializing Spring DispatcherServlet 'dispatcherServlet'
2026-09-01T13:13:43.409+03:00  INFO 61411 --- [HolidayTripAPI] [nio-8081-exec-1] o.s.web.servlet.DispatcherServlet        : Initializing Servlet 'dispatcherServlet'
2026-09-01T13:13:43.416+03:00  INFO 61411 --- [HolidayTripAPI] [nio-8081-exec-1] o.s.web.servlet.DispatcherServlet        : Completed initialization in 7 ms
2026-09-01T13:17:14.868+03:00  INFO 61411 --- [HolidayTripAPI] [   File Watcher] rtingClassPathChangeChangedEventListener : Restarting due to 6 class path changes (0 additions, 0 deletions, 6 modifications)
2026-09-01T13:17:14.875+03:00  INFO 61411 --- [HolidayTripAPI] [      Thread-38] o.s.boot.tomcat.GracefulShutdown         : Commencing graceful shutdown. Waiting for active requests to complete
2026-09-01T13:17:14.878+03:00  INFO 61411 --- [HolidayTripAPI] [tomcat-shutdown] o.s.boot.tomcat.GracefulShutdown         : Graceful shutdown complete
2026-09-01T13:17:14.880+03:00  INFO 61411 --- [HolidayTripAPI] [      Thread-38] j.LocalContainerEntityManagerFactoryBean : Closing JPA EntityManagerFactory for persistence unit 'default'
2026-09-01T13:17:14.882+03:00  INFO 61411 --- [HolidayTripAPI] [      Thread-38] com.zaxxer.hikari.HikariDataSource       : HikariPool-10 - Shutdown initiated...
2026-09-01T13:17:14.890+03:00  INFO 61411 --- [HolidayTripAPI] [      Thread-38] com.zaxxer.hikari.HikariDataSource       : HikariPool-10 - Shutdown completed.

  .   ____          _            __ _ _
 /\\ / ___'_ __ _ _(_)_ __  __ _ \ \ \ \
( ( )\___ | '_ | '_| | '_ \/ _` | \ \ \ \
 \\/  ___)| |_)| | | | | || (_| |  ) ) ) )
  '  |____| .__|_| |_|_| |_\__, | / / / /
 =========|_|==============|___/=/_/_/_/

 :: Spring Boot ::                (v4.1.0)

2026-09-01T13:17:14.953+03:00  INFO 61411 --- [HolidayTripAPI] [  restartedMain] c.h.api.HolidayTripApplication           : Starting HolidayTripApplication using Java 17.0.14 with PID 61411 (/Users/abdulkadirkarsli/Desktop/Üniversite/Staj/Seyahat-Asistani/backend/target/classes started by abdulkadirkarsli in /Users/abdulkadirkarsli/Desktop/Üniversite/Staj/Seyahat-Asistani/backend)
2026-09-01T13:17:14.953+03:00  INFO 61411 --- [HolidayTripAPI] [  restartedMain] c.h.api.HolidayTripApplication           : No active profile set, falling back to 1 default profile: "default"
2026-09-01T13:17:15.007+03:00  INFO 61411 --- [HolidayTripAPI] [  restartedMain] .s.d.r.c.RepositoryConfigurationDelegate : Bootstrapping Spring Data JPA repositories in DEFAULT mode.
2026-09-01T13:17:15.011+03:00  INFO 61411 --- [HolidayTripAPI] [  restartedMain] .s.d.r.c.RepositoryConfigurationDelegate : Finished Spring Data repository scanning in 2 ms. Found 3 JPA repository interfaces.
2026-09-01T13:17:15.046+03:00  INFO 61411 --- [HolidayTripAPI] [  restartedMain] o.s.boot.tomcat.TomcatWebServer          : Tomcat initialized with port 8081 (http)
2026-09-01T13:17:15.046+03:00  INFO 61411 --- [HolidayTripAPI] [  restartedMain] o.apache.catalina.core.StandardService   : Starting service [Tomcat]
2026-09-01T13:17:15.047+03:00  INFO 61411 --- [HolidayTripAPI] [  restartedMain] o.apache.catalina.core.StandardEngine    : Starting Servlet engine: [Apache Tomcat/11.0.22]
2026-09-01T13:17:15.052+03:00  INFO 61411 --- [HolidayTripAPI] [  restartedMain] b.w.c.s.WebApplicationContextInitializer : Root WebApplicationContext: initialization completed in 98 ms
2026-09-01T13:17:15.065+03:00  INFO 61411 --- [HolidayTripAPI] [  restartedMain] org.hibernate.orm.jpa                    : HHH008540: Processing PersistenceUnitInfo [name: default]
2026-09-01T13:17:15.072+03:00  INFO 61411 --- [HolidayTripAPI] [  restartedMain] o.s.o.j.p.SpringPersistenceUnitInfo      : No LoadTimeWeaver setup: ignoring JPA class transformer
2026-09-01T13:17:15.073+03:00  INFO 61411 --- [HolidayTripAPI] [  restartedMain] com.zaxxer.hikari.HikariDataSource       : HikariPool-11 - Starting...
2026-09-01T13:17:15.074+03:00  INFO 61411 --- [HolidayTripAPI] [  restartedMain] com.zaxxer.hikari.pool.HikariPool        : HikariPool-11 - Added connection conn111: url=jdbc:h2:file:./data/holidaytripdb user=SA
2026-09-01T13:17:15.074+03:00  INFO 61411 --- [HolidayTripAPI] [  restartedMain] com.zaxxer.hikari.HikariDataSource       : HikariPool-11 - Start completed.
2026-09-01T13:17:15.075+03:00  WARN 61411 --- [HolidayTripAPI] [  restartedMain] org.hibernate.orm.deprecation            : HHH90000025: H2Dialect does not need to be specified explicitly using 'hibernate.dialect' (remove the property setting and it will be selected by default)
2026-09-01T13:17:15.075+03:00  INFO 61411 --- [HolidayTripAPI] [  restartedMain] org.hibernate.orm.connections.pooling    : HHH10001005: Database info:
	Database JDBC URL [jdbc:h2:file:./data/holidaytripdb]
	Database driver: H2 JDBC Driver
	Database dialect: H2Dialect
	Database version: 2.4.240
	Default catalog/schema: HOLIDAYTRIPDB/PUBLIC
	Autocommit mode: undefined/unknown
	Isolation level: READ_COMMITTED [default READ_COMMITTED]
	JDBC fetch size: 100
	Pool: DataSourceConnectionProvider
	Minimum pool size: undefined/unknown
	Maximum pool size: undefined/unknown
2026-09-01T13:17:15.095+03:00  INFO 61411 --- [HolidayTripAPI] [  restartedMain] org.hibernate.orm.core                   : HHH000489: No JTA platform available (set 'hibernate.transaction.jta.platform' to enable JTA platform integration)
2026-09-01T13:17:15.099+03:00  INFO 61411 --- [HolidayTripAPI] [  restartedMain] j.LocalContainerEntityManagerFactoryBean : Initialized JPA EntityManagerFactory for persistence unit 'default'
2026-09-01T13:17:15.134+03:00  WARN 61411 --- [HolidayTripAPI] [  restartedMain] JpaBaseConfiguration$JpaWebConfiguration : spring.jpa.open-in-view is enabled by default. Therefore, database queries may be performed during view rendering. Explicitly configure spring.jpa.open-in-view to disable this warning
2026-09-01T13:17:15.140+03:00  INFO 61411 --- [HolidayTripAPI] [  restartedMain] o.s.v.b.OptionalValidatorFactoryBean     : Failed to set up a Bean Validation provider: jakarta.validation.NoProviderFoundException: Unable to create a Configuration, because no Jakarta Validation provider could be found. Add a provider like Hibernate Validator (RI) to your classpath.
2026-09-01T13:17:15.178+03:00  INFO 61411 --- [HolidayTripAPI] [  restartedMain] o.s.boot.tomcat.TomcatWebServer          : Tomcat started on port 8081 (http) with context path '/'
2026-09-01T13:17:15.179+03:00  INFO 61411 --- [HolidayTripAPI] [  restartedMain] c.h.api.HolidayTripApplication           : Started HolidayTripApplication in 0.233 seconds (process running for 3733.893)
2026-09-01T13:17:15.190+03:00  INFO 61411 --- [HolidayTripAPI] [  restartedMain] .ConditionEvaluationDeltaLoggingListener : Condition evaluation unchanged
2026-09-01T13:17:16.595+03:00  INFO 61411 --- [HolidayTripAPI] [   File Watcher] rtingClassPathChangeChangedEventListener : Restarting due to 2 class path changes (0 additions, 0 deletions, 2 modifications)
2026-09-01T13:17:16.597+03:00  INFO 61411 --- [HolidayTripAPI] [      Thread-42] o.s.boot.tomcat.GracefulShutdown         : Commencing graceful shutdown. Waiting for active requests to complete
2026-09-01T13:17:16.599+03:00  INFO 61411 --- [HolidayTripAPI] [tomcat-shutdown] o.s.boot.tomcat.GracefulShutdown         : Graceful shutdown complete
2026-09-01T13:17:16.600+03:00  INFO 61411 --- [HolidayTripAPI] [      Thread-42] j.LocalContainerEntityManagerFactoryBean : Closing JPA EntityManagerFactory for persistence unit 'default'
2026-09-01T13:17:16.601+03:00  INFO 61411 --- [HolidayTripAPI] [      Thread-42] com.zaxxer.hikari.HikariDataSource       : HikariPool-11 - Shutdown initiated...
2026-09-01T13:17:16.688+03:00  INFO 61411 --- [HolidayTripAPI] [      Thread-42] com.zaxxer.hikari.HikariDataSource       : HikariPool-11 - Shutdown completed.

  .   ____          _            __ _ _
 /\\ / ___'_ __ _ _(_)_ __  __ _ \ \ \ \
( ( )\___ | '_ | '_| | '_ \/ _` | \ \ \ \
 \\/  ___)| |_)| | | | | || (_| |  ) ) ) )
  '  |____| .__|_| |_|_| |_\__, | / / / /
 =========|_|==============|___/=/_/_/_/

 :: Spring Boot ::                (v4.1.0)

2026-09-01T13:17:16.718+03:00  INFO 61411 --- [HolidayTripAPI] [  restartedMain] c.h.api.HolidayTripApplication           : Starting HolidayTripApplication using Java 17.0.14 with PID 61411 (/Users/abdulkadirkarsli/Desktop/Üniversite/Staj/Seyahat-Asistani/backend/target/classes started by abdulkadirkarsli in /Users/abdulkadirkarsli/Desktop/Üniversite/Staj/Seyahat-Asistani/backend)
2026-09-01T13:17:16.718+03:00  INFO 61411 --- [HolidayTripAPI] [  restartedMain] c.h.api.HolidayTripApplication           : No active profile set, falling back to 1 default profile: "default"
2026-09-01T13:17:16.758+03:00  INFO 61411 --- [HolidayTripAPI] [  restartedMain] .s.d.r.c.RepositoryConfigurationDelegate : Bootstrapping Spring Data JPA repositories in DEFAULT mode.
2026-09-01T13:17:16.761+03:00  INFO 61411 --- [HolidayTripAPI] [  restartedMain] .s.d.r.c.RepositoryConfigurationDelegate : Finished Spring Data repository scanning in 2 ms. Found 3 JPA repository interfaces.
2026-09-01T13:17:16.782+03:00  INFO 61411 --- [HolidayTripAPI] [  restartedMain] o.s.boot.tomcat.TomcatWebServer          : Tomcat initialized with port 8081 (http)
2026-09-01T13:17:16.782+03:00  INFO 61411 --- [HolidayTripAPI] [  restartedMain] o.apache.catalina.core.StandardService   : Starting service [Tomcat]
2026-09-01T13:17:16.782+03:00  INFO 61411 --- [HolidayTripAPI] [  restartedMain] o.apache.catalina.core.StandardEngine    : Starting Servlet engine: [Apache Tomcat/11.0.22]
2026-09-01T13:17:16.785+03:00  INFO 61411 --- [HolidayTripAPI] [  restartedMain] b.w.c.s.WebApplicationContextInitializer : Root WebApplicationContext: initialization completed in 67 ms
2026-09-01T13:17:16.796+03:00  INFO 61411 --- [HolidayTripAPI] [  restartedMain] org.hibernate.orm.jpa                    : HHH008540: Processing PersistenceUnitInfo [name: default]
2026-09-01T13:17:16.803+03:00  INFO 61411 --- [HolidayTripAPI] [  restartedMain] o.s.o.j.p.SpringPersistenceUnitInfo      : No LoadTimeWeaver setup: ignoring JPA class transformer
2026-09-01T13:17:16.803+03:00  INFO 61411 --- [HolidayTripAPI] [  restartedMain] com.zaxxer.hikari.HikariDataSource       : HikariPool-12 - Starting...
2026-09-01T13:17:16.806+03:00  INFO 61411 --- [HolidayTripAPI] [  restartedMain] com.zaxxer.hikari.pool.HikariPool        : HikariPool-12 - Added connection conn121: url=jdbc:h2:file:./data/holidaytripdb user=SA
2026-09-01T13:17:16.806+03:00  INFO 61411 --- [HolidayTripAPI] [  restartedMain] com.zaxxer.hikari.HikariDataSource       : HikariPool-12 - Start completed.
2026-09-01T13:17:16.806+03:00  WARN 61411 --- [HolidayTripAPI] [  restartedMain] org.hibernate.orm.deprecation            : HHH90000025: H2Dialect does not need to be specified explicitly using 'hibernate.dialect' (remove the property setting and it will be selected by default)
2026-09-01T13:17:16.806+03:00  INFO 61411 --- [HolidayTripAPI] [  restartedMain] org.hibernate.orm.connections.pooling    : HHH10001005: Database info:
	Database JDBC URL [jdbc:h2:file:./data/holidaytripdb]
	Database driver: H2 JDBC Driver
	Database dialect: H2Dialect
	Database version: 2.4.240
	Default catalog/schema: HOLIDAYTRIPDB/PUBLIC
	Autocommit mode: undefined/unknown
	Isolation level: READ_COMMITTED [default READ_COMMITTED]
	JDBC fetch size: 100
	Pool: DataSourceConnectionProvider
	Minimum pool size: undefined/unknown
	Maximum pool size: undefined/unknown
2026-09-01T13:17:16.823+03:00  INFO 61411 --- [HolidayTripAPI] [  restartedMain] org.hibernate.orm.core                   : HHH000489: No JTA platform available (set 'hibernate.transaction.jta.platform' to enable JTA platform integration)
2026-09-01T13:17:16.824+03:00  INFO 61411 --- [HolidayTripAPI] [  restartedMain] j.LocalContainerEntityManagerFactoryBean : Initialized JPA EntityManagerFactory for persistence unit 'default'
2026-09-01T13:17:16.856+03:00  WARN 61411 --- [HolidayTripAPI] [  restartedMain] JpaBaseConfiguration$JpaWebConfiguration : spring.jpa.open-in-view is enabled by default. Therefore, database queries may be performed during view rendering. Explicitly configure spring.jpa.open-in-view to disable this warning
2026-09-01T13:17:16.860+03:00  INFO 61411 --- [HolidayTripAPI] [  restartedMain] o.s.v.b.OptionalValidatorFactoryBean     : Failed to set up a Bean Validation provider: jakarta.validation.NoProviderFoundException: Unable to create a Configuration, because no Jakarta Validation provider could be found. Add a provider like Hibernate Validator (RI) to your classpath.
2026-09-01T13:17:16.891+03:00  INFO 61411 --- [HolidayTripAPI] [  restartedMain] o.s.boot.tomcat.TomcatWebServer          : Tomcat started on port 8081 (http) with context path '/'
2026-09-01T13:17:16.891+03:00  INFO 61411 --- [HolidayTripAPI] [  restartedMain] c.h.api.HolidayTripApplication           : Started HolidayTripApplication in 0.18 seconds (process running for 3735.605)
2026-09-01T13:17:16.900+03:00  INFO 61411 --- [HolidayTripAPI] [  restartedMain] .ConditionEvaluationDeltaLoggingListener : Condition evaluation unchanged
2026-09-01T13:17:18.302+03:00  INFO 61411 --- [HolidayTripAPI] [   File Watcher] rtingClassPathChangeChangedEventListener : Restarting due to 1 class path change (1 addition, 0 deletions, 0 modifications)
2026-09-01T13:17:18.303+03:00  INFO 61411 --- [HolidayTripAPI] [      Thread-46] o.s.boot.tomcat.GracefulShutdown         : Commencing graceful shutdown. Waiting for active requests to complete
2026-09-01T13:17:18.304+03:00  INFO 61411 --- [HolidayTripAPI] [tomcat-shutdown] o.s.boot.tomcat.GracefulShutdown         : Graceful shutdown complete
2026-09-01T13:17:18.305+03:00  INFO 61411 --- [HolidayTripAPI] [      Thread-46] j.LocalContainerEntityManagerFactoryBean : Closing JPA EntityManagerFactory for persistence unit 'default'
2026-09-01T13:17:18.305+03:00  INFO 61411 --- [HolidayTripAPI] [      Thread-46] com.zaxxer.hikari.HikariDataSource       : HikariPool-12 - Shutdown initiated...
2026-09-01T13:17:18.380+03:00  INFO 61411 --- [HolidayTripAPI] [      Thread-46] com.zaxxer.hikari.HikariDataSource       : HikariPool-12 - Shutdown completed.

  .   ____          _            __ _ _
 /\\ / ___'_ __ _ _(_)_ __  __ _ \ \ \ \
( ( )\___ | '_ | '_| | '_ \/ _` | \ \ \ \
 \\/  ___)| |_)| | | | | || (_| |  ) ) ) )
  '  |____| .__|_| |_|_| |_\__, | / / / /
 =========|_|==============|___/=/_/_/_/

 :: Spring Boot ::                (v4.1.0)

2026-09-01T13:17:18.408+03:00  INFO 61411 --- [HolidayTripAPI] [  restartedMain] c.h.api.HolidayTripApplication           : Starting HolidayTripApplication using Java 17.0.14 with PID 61411 (/Users/abdulkadirkarsli/Desktop/Üniversite/Staj/Seyahat-Asistani/backend/target/classes started by abdulkadirkarsli in /Users/abdulkadirkarsli/Desktop/Üniversite/Staj/Seyahat-Asistani/backend)
2026-09-01T13:17:18.408+03:00  INFO 61411 --- [HolidayTripAPI] [  restartedMain] c.h.api.HolidayTripApplication           : No active profile set, falling back to 1 default profile: "default"
2026-09-01T13:17:18.443+03:00  INFO 61411 --- [HolidayTripAPI] [  restartedMain] .s.d.r.c.RepositoryConfigurationDelegate : Bootstrapping Spring Data JPA repositories in DEFAULT mode.
2026-09-01T13:17:18.446+03:00  INFO 61411 --- [HolidayTripAPI] [  restartedMain] .s.d.r.c.RepositoryConfigurationDelegate : Finished Spring Data repository scanning in 2 ms. Found 3 JPA repository interfaces.
2026-09-01T13:17:18.468+03:00  INFO 61411 --- [HolidayTripAPI] [  restartedMain] o.s.boot.tomcat.TomcatWebServer          : Tomcat initialized with port 8081 (http)
2026-09-01T13:17:18.468+03:00  INFO 61411 --- [HolidayTripAPI] [  restartedMain] o.apache.catalina.core.StandardService   : Starting service [Tomcat]
2026-09-01T13:17:18.468+03:00  INFO 61411 --- [HolidayTripAPI] [  restartedMain] o.apache.catalina.core.StandardEngine    : Starting Servlet engine: [Apache Tomcat/11.0.22]
2026-09-01T13:17:18.471+03:00  INFO 61411 --- [HolidayTripAPI] [  restartedMain] b.w.c.s.WebApplicationContextInitializer : Root WebApplicationContext: initialization completed in 63 ms
2026-09-01T13:17:18.481+03:00  INFO 61411 --- [HolidayTripAPI] [  restartedMain] org.hibernate.orm.jpa                    : HHH008540: Processing PersistenceUnitInfo [name: default]
2026-09-01T13:17:18.487+03:00  INFO 61411 --- [HolidayTripAPI] [  restartedMain] o.s.o.j.p.SpringPersistenceUnitInfo      : No LoadTimeWeaver setup: ignoring JPA class transformer
2026-09-01T13:17:18.487+03:00  INFO 61411 --- [HolidayTripAPI] [  restartedMain] com.zaxxer.hikari.HikariDataSource       : HikariPool-13 - Starting...
2026-09-01T13:17:18.489+03:00  INFO 61411 --- [HolidayTripAPI] [  restartedMain] com.zaxxer.hikari.pool.HikariPool        : HikariPool-13 - Added connection conn131: url=jdbc:h2:file:./data/holidaytripdb user=SA
2026-09-01T13:17:18.489+03:00  INFO 61411 --- [HolidayTripAPI] [  restartedMain] com.zaxxer.hikari.HikariDataSource       : HikariPool-13 - Start completed.
2026-09-01T13:17:18.489+03:00  WARN 61411 --- [HolidayTripAPI] [  restartedMain] org.hibernate.orm.deprecation            : HHH90000025: H2Dialect does not need to be specified explicitly using 'hibernate.dialect' (remove the property setting and it will be selected by default)
2026-09-01T13:17:18.489+03:00  INFO 61411 --- [HolidayTripAPI] [  restartedMain] org.hibernate.orm.connections.pooling    : HHH10001005: Database info:
	Database JDBC URL [jdbc:h2:file:./data/holidaytripdb]
	Database driver: H2 JDBC Driver
	Database dialect: H2Dialect
	Database version: 2.4.240
	Default catalog/schema: HOLIDAYTRIPDB/PUBLIC
	Autocommit mode: undefined/unknown
	Isolation level: READ_COMMITTED [default READ_COMMITTED]
	JDBC fetch size: 100
	Pool: DataSourceConnectionProvider
	Minimum pool size: undefined/unknown
	Maximum pool size: undefined/unknown
2026-09-01T13:17:18.505+03:00  INFO 61411 --- [HolidayTripAPI] [  restartedMain] org.hibernate.orm.core                   : HHH000489: No JTA platform available (set 'hibernate.transaction.jta.platform' to enable JTA platform integration)
2026-09-01T13:17:18.505+03:00  INFO 61411 --- [HolidayTripAPI] [  restartedMain] j.LocalContainerEntityManagerFactoryBean : Initialized JPA EntityManagerFactory for persistence unit 'default'
2026-09-01T13:17:18.534+03:00  WARN 61411 --- [HolidayTripAPI] [  restartedMain] JpaBaseConfiguration$JpaWebConfiguration : spring.jpa.open-in-view is enabled by default. Therefore, database queries may be performed during view rendering. Explicitly configure spring.jpa.open-in-view to disable this warning
2026-09-01T13:17:18.538+03:00  INFO 61411 --- [HolidayTripAPI] [  restartedMain] o.s.v.b.OptionalValidatorFactoryBean     : Failed to set up a Bean Validation provider: jakarta.validation.NoProviderFoundException: Unable to create a Configuration, because no Jakarta Validation provider could be found. Add a provider like Hibernate Validator (RI) to your classpath.
2026-09-01T13:17:18.568+03:00  INFO 61411 --- [HolidayTripAPI] [  restartedMain] o.s.boot.tomcat.TomcatWebServer          : Tomcat started on port 8081 (http) with context path '/'
2026-09-01T13:17:18.569+03:00  INFO 61411 --- [HolidayTripAPI] [  restartedMain] c.h.api.HolidayTripApplication           : Started HolidayTripApplication in 0.167 seconds (process running for 3737.283)
2026-09-01T13:17:18.578+03:00  INFO 61411 --- [HolidayTripAPI] [  restartedMain] .ConditionEvaluationDeltaLoggingListener : Condition evaluation unchanged
2026-09-01T13:17:39.188+03:00  INFO 61411 --- [HolidayTripAPI] [   File Watcher] rtingClassPathChangeChangedEventListener : Restarting due to 1 class path change (0 additions, 0 deletions, 1 modification)
2026-09-01T13:17:39.192+03:00  INFO 61411 --- [HolidayTripAPI] [      Thread-50] o.s.boot.tomcat.GracefulShutdown         : Commencing graceful shutdown. Waiting for active requests to complete
2026-09-01T13:17:39.194+03:00  INFO 61411 --- [HolidayTripAPI] [tomcat-shutdown] o.s.boot.tomcat.GracefulShutdown         : Graceful shutdown complete
2026-09-01T13:17:39.196+03:00  INFO 61411 --- [HolidayTripAPI] [      Thread-50] j.LocalContainerEntityManagerFactoryBean : Closing JPA EntityManagerFactory for persistence unit 'default'
2026-09-01T13:17:39.197+03:00  INFO 61411 --- [HolidayTripAPI] [      Thread-50] com.zaxxer.hikari.HikariDataSource       : HikariPool-13 - Shutdown initiated...
2026-09-01T13:17:39.276+03:00  INFO 61411 --- [HolidayTripAPI] [      Thread-50] com.zaxxer.hikari.HikariDataSource       : HikariPool-13 - Shutdown completed.

  .   ____          _            __ _ _
 /\\ / ___'_ __ _ _(_)_ __  __ _ \ \ \ \
( ( )\___ | '_ | '_| | '_ \/ _` | \ \ \ \
 \\/  ___)| |_)| | | | | || (_| |  ) ) ) )
  '  |____| .__|_| |_|_| |_\__, | / / / /
 =========|_|==============|___/=/_/_/_/

 :: Spring Boot ::                (v4.1.0)

2026-09-01T13:17:39.329+03:00  INFO 61411 --- [HolidayTripAPI] [  restartedMain] c.h.api.HolidayTripApplication           : Starting HolidayTripApplication using Java 17.0.14 with PID 61411 (/Users/abdulkadirkarsli/Desktop/Üniversite/Staj/Seyahat-Asistani/backend/target/classes started by abdulkadirkarsli in /Users/abdulkadirkarsli/Desktop/Üniversite/Staj/Seyahat-Asistani/backend)
2026-09-01T13:17:39.330+03:00  INFO 61411 --- [HolidayTripAPI] [  restartedMain] c.h.api.HolidayTripApplication           : No active profile set, falling back to 1 default profile: "default"
2026-09-01T13:17:39.377+03:00  INFO 61411 --- [HolidayTripAPI] [  restartedMain] .s.d.r.c.RepositoryConfigurationDelegate : Bootstrapping Spring Data JPA repositories in DEFAULT mode.
2026-09-01T13:17:39.382+03:00  INFO 61411 --- [HolidayTripAPI] [  restartedMain] .s.d.r.c.RepositoryConfigurationDelegate : Finished Spring Data repository scanning in 3 ms. Found 3 JPA repository interfaces.
2026-09-01T13:17:39.411+03:00  INFO 61411 --- [HolidayTripAPI] [  restartedMain] o.s.boot.tomcat.TomcatWebServer          : Tomcat initialized with port 8081 (http)
2026-09-01T13:17:39.412+03:00  INFO 61411 --- [HolidayTripAPI] [  restartedMain] o.apache.catalina.core.StandardService   : Starting service [Tomcat]
2026-09-01T13:17:39.412+03:00  INFO 61411 --- [HolidayTripAPI] [  restartedMain] o.apache.catalina.core.StandardEngine    : Starting Servlet engine: [Apache Tomcat/11.0.22]
2026-09-01T13:17:39.415+03:00  INFO 61411 --- [HolidayTripAPI] [  restartedMain] b.w.c.s.WebApplicationContextInitializer : Root WebApplicationContext: initialization completed in 85 ms
2026-09-01T13:17:39.428+03:00  INFO 61411 --- [HolidayTripAPI] [  restartedMain] org.hibernate.orm.jpa                    : HHH008540: Processing PersistenceUnitInfo [name: default]
2026-09-01T13:17:39.435+03:00  INFO 61411 --- [HolidayTripAPI] [  restartedMain] o.s.o.j.p.SpringPersistenceUnitInfo      : No LoadTimeWeaver setup: ignoring JPA class transformer
2026-09-01T13:17:39.436+03:00  INFO 61411 --- [HolidayTripAPI] [  restartedMain] com.zaxxer.hikari.HikariDataSource       : HikariPool-14 - Starting...
2026-09-01T13:17:39.437+03:00  INFO 61411 --- [HolidayTripAPI] [  restartedMain] com.zaxxer.hikari.pool.HikariPool        : HikariPool-14 - Added connection conn141: url=jdbc:h2:file:./data/holidaytripdb user=SA
2026-09-01T13:17:39.437+03:00  INFO 61411 --- [HolidayTripAPI] [  restartedMain] com.zaxxer.hikari.HikariDataSource       : HikariPool-14 - Start completed.
2026-09-01T13:17:39.437+03:00  WARN 61411 --- [HolidayTripAPI] [  restartedMain] org.hibernate.orm.deprecation            : HHH90000025: H2Dialect does not need to be specified explicitly using 'hibernate.dialect' (remove the property setting and it will be selected by default)
2026-09-01T13:17:39.438+03:00  INFO 61411 --- [HolidayTripAPI] [  restartedMain] org.hibernate.orm.connections.pooling    : HHH10001005: Database info:
	Database JDBC URL [jdbc:h2:file:./data/holidaytripdb]
	Database driver: H2 JDBC Driver
	Database dialect: H2Dialect
	Database version: 2.4.240
	Default catalog/schema: HOLIDAYTRIPDB/PUBLIC
	Autocommit mode: undefined/unknown
	Isolation level: READ_COMMITTED [default READ_COMMITTED]
	JDBC fetch size: 100
	Pool: DataSourceConnectionProvider
	Minimum pool size: undefined/unknown
	Maximum pool size: undefined/unknown
2026-09-01T13:17:39.456+03:00  INFO 61411 --- [HolidayTripAPI] [  restartedMain] org.hibernate.orm.core                   : HHH000489: No JTA platform available (set 'hibernate.transaction.jta.platform' to enable JTA platform integration)
2026-09-01T13:17:39.456+03:00  INFO 61411 --- [HolidayTripAPI] [  restartedMain] j.LocalContainerEntityManagerFactoryBean : Initialized JPA EntityManagerFactory for persistence unit 'default'
2026-09-01T13:17:39.487+03:00  WARN 61411 --- [HolidayTripAPI] [  restartedMain] JpaBaseConfiguration$JpaWebConfiguration : spring.jpa.open-in-view is enabled by default. Therefore, database queries may be performed during view rendering. Explicitly configure spring.jpa.open-in-view to disable this warning
2026-09-01T13:17:39.491+03:00  INFO 61411 --- [HolidayTripAPI] [  restartedMain] o.s.v.b.OptionalValidatorFactoryBean     : Failed to set up a Bean Validation provider: jakarta.validation.NoProviderFoundException: Unable to create a Configuration, because no Jakarta Validation provider could be found. Add a provider like Hibernate Validator (RI) to your classpath.
2026-09-01T13:17:39.522+03:00  INFO 61411 --- [HolidayTripAPI] [  restartedMain] o.s.boot.tomcat.TomcatWebServer          : Tomcat started on port 8081 (http) with context path '/'
2026-09-01T13:17:39.523+03:00  INFO 61411 --- [HolidayTripAPI] [  restartedMain] c.h.api.HolidayTripApplication           : Started HolidayTripApplication in 0.2 seconds (process running for 3758.236)
2026-09-01T13:17:39.532+03:00  INFO 61411 --- [HolidayTripAPI] [  restartedMain] .ConditionEvaluationDeltaLoggingListener : Condition evaluation unchanged
2026-09-01T13:17:56.093+03:00  INFO 61411 --- [HolidayTripAPI] [   File Watcher] rtingClassPathChangeChangedEventListener : Restarting due to 1 class path change (0 additions, 0 deletions, 1 modification)
2026-09-01T13:17:56.096+03:00  INFO 61411 --- [HolidayTripAPI] [      Thread-54] o.s.boot.tomcat.GracefulShutdown         : Commencing graceful shutdown. Waiting for active requests to complete
2026-09-01T13:17:56.098+03:00  INFO 61411 --- [HolidayTripAPI] [tomcat-shutdown] o.s.boot.tomcat.GracefulShutdown         : Graceful shutdown complete
2026-09-01T13:17:56.099+03:00  INFO 61411 --- [HolidayTripAPI] [      Thread-54] j.LocalContainerEntityManagerFactoryBean : Closing JPA EntityManagerFactory for persistence unit 'default'
2026-09-01T13:17:56.100+03:00  INFO 61411 --- [HolidayTripAPI] [      Thread-54] com.zaxxer.hikari.HikariDataSource       : HikariPool-14 - Shutdown initiated...
2026-09-01T13:17:56.179+03:00  INFO 61411 --- [HolidayTripAPI] [      Thread-54] com.zaxxer.hikari.HikariDataSource       : HikariPool-14 - Shutdown completed.

  .   ____          _            __ _ _
 /\\ / ___'_ __ _ _(_)_ __  __ _ \ \ \ \
( ( )\___ | '_ | '_| | '_ \/ _` | \ \ \ \
 \\/  ___)| |_)| | | | | || (_| |  ) ) ) )
  '  |____| .__|_| |_|_| |_\__, | / / / /
 =========|_|==============|___/=/_/_/_/

 :: Spring Boot ::                (v4.1.0)

2026-09-01T13:17:56.220+03:00  INFO 61411 --- [HolidayTripAPI] [  restartedMain] c.h.api.HolidayTripApplication           : Starting HolidayTripApplication using Java 17.0.14 with PID 61411 (/Users/abdulkadirkarsli/Desktop/Üniversite/Staj/Seyahat-Asistani/backend/target/classes started by abdulkadirkarsli in /Users/abdulkadirkarsli/Desktop/Üniversite/Staj/Seyahat-Asistani/backend)
2026-09-01T13:17:56.221+03:00  INFO 61411 --- [HolidayTripAPI] [  restartedMain] c.h.api.HolidayTripApplication           : No active profile set, falling back to 1 default profile: "default"
2026-09-01T13:17:56.266+03:00  INFO 61411 --- [HolidayTripAPI] [  restartedMain] .s.d.r.c.RepositoryConfigurationDelegate : Bootstrapping Spring Data JPA repositories in DEFAULT mode.
2026-09-01T13:17:56.268+03:00  INFO 61411 --- [HolidayTripAPI] [  restartedMain] .s.d.r.c.RepositoryConfigurationDelegate : Finished Spring Data repository scanning in 2 ms. Found 3 JPA repository interfaces.
2026-09-01T13:17:56.290+03:00  INFO 61411 --- [HolidayTripAPI] [  restartedMain] o.s.boot.tomcat.TomcatWebServer          : Tomcat initialized with port 8081 (http)
2026-09-01T13:17:56.290+03:00  INFO 61411 --- [HolidayTripAPI] [  restartedMain] o.apache.catalina.core.StandardService   : Starting service [Tomcat]
2026-09-01T13:17:56.290+03:00  INFO 61411 --- [HolidayTripAPI] [  restartedMain] o.apache.catalina.core.StandardEngine    : Starting Servlet engine: [Apache Tomcat/11.0.22]
2026-09-01T13:17:56.293+03:00  INFO 61411 --- [HolidayTripAPI] [  restartedMain] b.w.c.s.WebApplicationContextInitializer : Root WebApplicationContext: initialization completed in 72 ms
2026-09-01T13:17:56.303+03:00  INFO 61411 --- [HolidayTripAPI] [  restartedMain] org.hibernate.orm.jpa                    : HHH008540: Processing PersistenceUnitInfo [name: default]
2026-09-01T13:17:56.309+03:00  INFO 61411 --- [HolidayTripAPI] [  restartedMain] o.s.o.j.p.SpringPersistenceUnitInfo      : No LoadTimeWeaver setup: ignoring JPA class transformer
2026-09-01T13:17:56.309+03:00  INFO 61411 --- [HolidayTripAPI] [  restartedMain] com.zaxxer.hikari.HikariDataSource       : HikariPool-15 - Starting...
2026-09-01T13:17:56.310+03:00  INFO 61411 --- [HolidayTripAPI] [  restartedMain] com.zaxxer.hikari.pool.HikariPool        : HikariPool-15 - Added connection conn151: url=jdbc:h2:file:./data/holidaytripdb user=SA
2026-09-01T13:17:56.310+03:00  INFO 61411 --- [HolidayTripAPI] [  restartedMain] com.zaxxer.hikari.HikariDataSource       : HikariPool-15 - Start completed.
2026-09-01T13:17:56.310+03:00  WARN 61411 --- [HolidayTripAPI] [  restartedMain] org.hibernate.orm.deprecation            : HHH90000025: H2Dialect does not need to be specified explicitly using 'hibernate.dialect' (remove the property setting and it will be selected by default)
2026-09-01T13:17:56.310+03:00  INFO 61411 --- [HolidayTripAPI] [  restartedMain] org.hibernate.orm.connections.pooling    : HHH10001005: Database info:
	Database JDBC URL [jdbc:h2:file:./data/holidaytripdb]
	Database driver: H2 JDBC Driver
	Database dialect: H2Dialect
	Database version: 2.4.240
	Default catalog/schema: HOLIDAYTRIPDB/PUBLIC
	Autocommit mode: undefined/unknown
	Isolation level: READ_COMMITTED [default READ_COMMITTED]
	JDBC fetch size: 100
	Pool: DataSourceConnectionProvider
	Minimum pool size: undefined/unknown
	Maximum pool size: undefined/unknown
2026-09-01T13:17:56.326+03:00  INFO 61411 --- [HolidayTripAPI] [  restartedMain] org.hibernate.orm.core                   : HHH000489: No JTA platform available (set 'hibernate.transaction.jta.platform' to enable JTA platform integration)
2026-09-01T13:17:56.327+03:00  INFO 61411 --- [HolidayTripAPI] [  restartedMain] j.LocalContainerEntityManagerFactoryBean : Initialized JPA EntityManagerFactory for persistence unit 'default'
2026-09-01T13:17:56.355+03:00  WARN 61411 --- [HolidayTripAPI] [  restartedMain] JpaBaseConfiguration$JpaWebConfiguration : spring.jpa.open-in-view is enabled by default. Therefore, database queries may be performed during view rendering. Explicitly configure spring.jpa.open-in-view to disable this warning
2026-09-01T13:17:56.359+03:00  INFO 61411 --- [HolidayTripAPI] [  restartedMain] o.s.v.b.OptionalValidatorFactoryBean     : Failed to set up a Bean Validation provider: jakarta.validation.NoProviderFoundException: Unable to create a Configuration, because no Jakarta Validation provider could be found. Add a provider like Hibernate Validator (RI) to your classpath.
2026-09-01T13:17:56.389+03:00  INFO 61411 --- [HolidayTripAPI] [  restartedMain] o.s.boot.tomcat.TomcatWebServer          : Tomcat started on port 8081 (http) with context path '/'
2026-09-01T13:17:56.390+03:00  INFO 61411 --- [HolidayTripAPI] [  restartedMain] c.h.api.HolidayTripApplication           : Started HolidayTripApplication in 0.176 seconds (process running for 3775.104)
2026-09-01T13:17:56.399+03:00  INFO 61411 --- [HolidayTripAPI] [  restartedMain] .ConditionEvaluationDeltaLoggingListener : Condition evaluation unchanged
2026-09-01T13:18:06.913+03:00  INFO 61411 --- [HolidayTripAPI] [   File Watcher] rtingClassPathChangeChangedEventListener : Restarting due to 1 class path change (0 additions, 0 deletions, 1 modification)
2026-09-01T13:18:06.914+03:00  INFO 61411 --- [HolidayTripAPI] [      Thread-58] o.s.boot.tomcat.GracefulShutdown         : Commencing graceful shutdown. Waiting for active requests to complete
2026-09-01T13:18:06.915+03:00  INFO 61411 --- [HolidayTripAPI] [tomcat-shutdown] o.s.boot.tomcat.GracefulShutdown         : Graceful shutdown complete
2026-09-01T13:18:06.915+03:00  INFO 61411 --- [HolidayTripAPI] [      Thread-58] j.LocalContainerEntityManagerFactoryBean : Closing JPA EntityManagerFactory for persistence unit 'default'
2026-09-01T13:18:06.916+03:00  INFO 61411 --- [HolidayTripAPI] [      Thread-58] com.zaxxer.hikari.HikariDataSource       : HikariPool-15 - Shutdown initiated...
2026-09-01T13:18:06.990+03:00  INFO 61411 --- [HolidayTripAPI] [      Thread-58] com.zaxxer.hikari.HikariDataSource       : HikariPool-15 - Shutdown completed.

  .   ____          _            __ _ _
 /\\ / ___'_ __ _ _(_)_ __  __ _ \ \ \ \
( ( )\___ | '_ | '_| | '_ \/ _` | \ \ \ \
 \\/  ___)| |_)| | | | | || (_| |  ) ) ) )
  '  |____| .__|_| |_|_| |_\__, | / / / /
 =========|_|==============|___/=/_/_/_/

 :: Spring Boot ::                (v4.1.0)

2026-09-01T13:18:07.024+03:00  INFO 61411 --- [HolidayTripAPI] [  restartedMain] c.h.api.HolidayTripApplication           : Starting HolidayTripApplication using Java 17.0.14 with PID 61411 (/Users/abdulkadirkarsli/Desktop/Üniversite/Staj/Seyahat-Asistani/backend/target/classes started by abdulkadirkarsli in /Users/abdulkadirkarsli/Desktop/Üniversite/Staj/Seyahat-Asistani/backend)
2026-09-01T13:18:07.024+03:00  INFO 61411 --- [HolidayTripAPI] [  restartedMain] c.h.api.HolidayTripApplication           : No active profile set, falling back to 1 default profile: "default"
2026-09-01T13:18:07.070+03:00  INFO 61411 --- [HolidayTripAPI] [  restartedMain] .s.d.r.c.RepositoryConfigurationDelegate : Bootstrapping Spring Data JPA repositories in DEFAULT mode.
2026-09-01T13:18:07.073+03:00  INFO 61411 --- [HolidayTripAPI] [  restartedMain] .s.d.r.c.RepositoryConfigurationDelegate : Finished Spring Data repository scanning in 2 ms. Found 3 JPA repository interfaces.
2026-09-01T13:18:07.096+03:00  INFO 61411 --- [HolidayTripAPI] [  restartedMain] o.s.boot.tomcat.TomcatWebServer          : Tomcat initialized with port 8081 (http)
2026-09-01T13:18:07.096+03:00  INFO 61411 --- [HolidayTripAPI] [  restartedMain] o.apache.catalina.core.StandardService   : Starting service [Tomcat]
2026-09-01T13:18:07.096+03:00  INFO 61411 --- [HolidayTripAPI] [  restartedMain] o.apache.catalina.core.StandardEngine    : Starting Servlet engine: [Apache Tomcat/11.0.22]
2026-09-01T13:18:07.099+03:00  INFO 61411 --- [HolidayTripAPI] [  restartedMain] b.w.c.s.WebApplicationContextInitializer : Root WebApplicationContext: initialization completed in 75 ms
2026-09-01T13:18:07.109+03:00  INFO 61411 --- [HolidayTripAPI] [  restartedMain] org.hibernate.orm.jpa                    : HHH008540: Processing PersistenceUnitInfo [name: default]
2026-09-01T13:18:07.116+03:00  INFO 61411 --- [HolidayTripAPI] [  restartedMain] o.s.o.j.p.SpringPersistenceUnitInfo      : No LoadTimeWeaver setup: ignoring JPA class transformer
2026-09-01T13:18:07.116+03:00  INFO 61411 --- [HolidayTripAPI] [  restartedMain] com.zaxxer.hikari.HikariDataSource       : HikariPool-16 - Starting...
2026-09-01T13:18:07.118+03:00  INFO 61411 --- [HolidayTripAPI] [  restartedMain] com.zaxxer.hikari.pool.HikariPool        : HikariPool-16 - Added connection conn161: url=jdbc:h2:file:./data/holidaytripdb user=SA
2026-09-01T13:18:07.118+03:00  INFO 61411 --- [HolidayTripAPI] [  restartedMain] com.zaxxer.hikari.HikariDataSource       : HikariPool-16 - Start completed.
2026-09-01T13:18:07.118+03:00  WARN 61411 --- [HolidayTripAPI] [  restartedMain] org.hibernate.orm.deprecation            : HHH90000025: H2Dialect does not need to be specified explicitly using 'hibernate.dialect' (remove the property setting and it will be selected by default)
2026-09-01T13:18:07.118+03:00  INFO 61411 --- [HolidayTripAPI] [  restartedMain] org.hibernate.orm.connections.pooling    : HHH10001005: Database info:
	Database JDBC URL [jdbc:h2:file:./data/holidaytripdb]
	Database driver: H2 JDBC Driver
	Database dialect: H2Dialect
	Database version: 2.4.240
	Default catalog/schema: HOLIDAYTRIPDB/PUBLIC
	Autocommit mode: undefined/unknown
	Isolation level: READ_COMMITTED [default READ_COMMITTED]
	JDBC fetch size: 100
	Pool: DataSourceConnectionProvider
	Minimum pool size: undefined/unknown
	Maximum pool size: undefined/unknown
2026-09-01T13:18:07.134+03:00  INFO 61411 --- [HolidayTripAPI] [  restartedMain] org.hibernate.orm.core                   : HHH000489: No JTA platform available (set 'hibernate.transaction.jta.platform' to enable JTA platform integration)
2026-09-01T13:18:07.134+03:00  INFO 61411 --- [HolidayTripAPI] [  restartedMain] j.LocalContainerEntityManagerFactoryBean : Initialized JPA EntityManagerFactory for persistence unit 'default'
2026-09-01T13:18:07.165+03:00  WARN 61411 --- [HolidayTripAPI] [  restartedMain] JpaBaseConfiguration$JpaWebConfiguration : spring.jpa.open-in-view is enabled by default. Therefore, database queries may be performed during view rendering. Explicitly configure spring.jpa.open-in-view to disable this warning
2026-09-01T13:18:07.169+03:00  INFO 61411 --- [HolidayTripAPI] [  restartedMain] o.s.v.b.OptionalValidatorFactoryBean     : Failed to set up a Bean Validation provider: jakarta.validation.NoProviderFoundException: Unable to create a Configuration, because no Jakarta Validation provider could be found. Add a provider like Hibernate Validator (RI) to your classpath.
2026-09-01T13:18:07.199+03:00  INFO 61411 --- [HolidayTripAPI] [  restartedMain] o.s.boot.tomcat.TomcatWebServer          : Tomcat started on port 8081 (http) with context path '/'
2026-09-01T13:18:07.200+03:00  INFO 61411 --- [HolidayTripAPI] [  restartedMain] c.h.api.HolidayTripApplication           : Started HolidayTripApplication in 0.183 seconds (process running for 3785.913)
2026-09-01T13:18:07.209+03:00  INFO 61411 --- [HolidayTripAPI] [  restartedMain] .ConditionEvaluationDeltaLoggingListener : Condition evaluation unchanged
2026-09-01T13:19:26.679+03:00  INFO 61411 --- [HolidayTripAPI] [nio-8081-exec-1] o.a.c.c.C.[Tomcat].[localhost].[/]       : Initializing Spring DispatcherServlet 'dispatcherServlet'
2026-09-01T13:19:26.681+03:00  INFO 61411 --- [HolidayTripAPI] [nio-8081-exec-1] o.s.web.servlet.DispatcherServlet        : Initializing Servlet 'dispatcherServlet'
2026-09-01T13:19:26.689+03:00  INFO 61411 --- [HolidayTripAPI] [nio-8081-exec-1] o.s.web.servlet.DispatcherServlet        : Completed initialization in 7 ms
2026-09-01T13:52:15.372+03:00  INFO 61411 --- [HolidayTripAPI] [   File Watcher] rtingClassPathChangeChangedEventListener : Restarting due to 8 class path changes (0 additions, 8 deletions, 0 modifications)
2026-09-01T13:52:15.378+03:00  INFO 61411 --- [HolidayTripAPI] [      Thread-62] o.s.boot.tomcat.GracefulShutdown         : Commencing graceful shutdown. Waiting for active requests to complete
2026-09-01T13:52:15.380+03:00  INFO 61411 --- [HolidayTripAPI] [tomcat-shutdown] o.s.boot.tomcat.GracefulShutdown         : Graceful shutdown complete
2026-09-01T13:52:15.381+03:00  INFO 61411 --- [HolidayTripAPI] [      Thread-62] j.LocalContainerEntityManagerFactoryBean : Closing JPA EntityManagerFactory for persistence unit 'default'
2026-09-01T13:52:15.382+03:00  INFO 61411 --- [HolidayTripAPI] [      Thread-62] com.zaxxer.hikari.HikariDataSource       : HikariPool-16 - Shutdown initiated...
2026-09-01T13:52:15.426+03:00  INFO 61411 --- [HolidayTripAPI] [      Thread-62] com.zaxxer.hikari.HikariDataSource       : HikariPool-16 - Shutdown completed.

  .   ____          _            __ _ _
 /\\ / ___'_ __ _ _(_)_ __  __ _ \ \ \ \
( ( )\___ | '_ | '_| | '_ \/ _` | \ \ \ \
 \\/  ___)| |_)| | | | | || (_| |  ) ) ) )
  '  |____| .__|_| |_|_| |_\__, | / / / /
 =========|_|==============|___/=/_/_/_/

 :: Spring Boot ::                (v4.1.0)

2026-09-01T13:52:15.516+03:00  INFO 61411 --- [HolidayTripAPI] [  restartedMain] c.h.api.HolidayTripApplication           : Starting HolidayTripApplication using Java 17.0.14 with PID 61411 (/Users/abdulkadirkarsli/Desktop/Üniversite/Staj/Seyahat-Asistani/backend/target/classes started by abdulkadirkarsli in /Users/abdulkadirkarsli/Desktop/Üniversite/Staj/Seyahat-Asistani/backend)
2026-09-01T13:52:15.516+03:00  INFO 61411 --- [HolidayTripAPI] [  restartedMain] c.h.api.HolidayTripApplication           : No active profile set, falling back to 1 default profile: "default"
2026-09-01T13:52:15.583+03:00  INFO 61411 --- [HolidayTripAPI] [  restartedMain] .s.d.r.c.RepositoryConfigurationDelegate : Bootstrapping Spring Data JPA repositories in DEFAULT mode.
2026-09-01T13:52:15.587+03:00  INFO 61411 --- [HolidayTripAPI] [  restartedMain] .s.d.r.c.RepositoryConfigurationDelegate : Finished Spring Data repository scanning in 3 ms. Found 3 JPA repository interfaces.
2026-09-01T13:52:15.619+03:00  INFO 61411 --- [HolidayTripAPI] [  restartedMain] o.s.boot.tomcat.TomcatWebServer          : Tomcat initialized with port 8081 (http)
2026-09-01T13:52:15.620+03:00  INFO 61411 --- [HolidayTripAPI] [  restartedMain] o.apache.catalina.core.StandardService   : Starting service [Tomcat]
2026-09-01T13:52:15.620+03:00  INFO 61411 --- [HolidayTripAPI] [  restartedMain] o.apache.catalina.core.StandardEngine    : Starting Servlet engine: [Apache Tomcat/11.0.22]
2026-09-01T13:52:15.624+03:00  INFO 61411 --- [HolidayTripAPI] [  restartedMain] b.w.c.s.WebApplicationContextInitializer : Root WebApplicationContext: initialization completed in 107 ms
2026-09-01T13:52:15.640+03:00  INFO 61411 --- [HolidayTripAPI] [  restartedMain] org.hibernate.orm.jpa                    : HHH008540: Processing PersistenceUnitInfo [name: default]
2026-09-01T13:52:15.650+03:00  INFO 61411 --- [HolidayTripAPI] [  restartedMain] o.s.o.j.p.SpringPersistenceUnitInfo      : No LoadTimeWeaver setup: ignoring JPA class transformer
2026-09-01T13:52:15.650+03:00  INFO 61411 --- [HolidayTripAPI] [  restartedMain] com.zaxxer.hikari.HikariDataSource       : HikariPool-17 - Starting...
2026-09-01T13:52:15.652+03:00  INFO 61411 --- [HolidayTripAPI] [  restartedMain] com.zaxxer.hikari.pool.HikariPool        : HikariPool-17 - Added connection conn181: url=jdbc:h2:file:./data/holidaytripdb user=SA
2026-09-01T13:52:15.652+03:00  INFO 61411 --- [HolidayTripAPI] [  restartedMain] com.zaxxer.hikari.HikariDataSource       : HikariPool-17 - Start completed.
2026-09-01T13:52:15.653+03:00  WARN 61411 --- [HolidayTripAPI] [  restartedMain] org.hibernate.orm.deprecation            : HHH90000025: H2Dialect does not need to be specified explicitly using 'hibernate.dialect' (remove the property setting and it will be selected by default)
2026-09-01T13:52:15.653+03:00  INFO 61411 --- [HolidayTripAPI] [  restartedMain] org.hibernate.orm.connections.pooling    : HHH10001005: Database info:
	Database JDBC URL [jdbc:h2:file:./data/holidaytripdb]
	Database driver: H2 JDBC Driver
	Database dialect: H2Dialect
	Database version: 2.4.240
	Default catalog/schema: HOLIDAYTRIPDB/PUBLIC
	Autocommit mode: undefined/unknown
	Isolation level: READ_COMMITTED [default READ_COMMITTED]
	JDBC fetch size: 100
	Pool: DataSourceConnectionProvider
	Minimum pool size: undefined/unknown
	Maximum pool size: undefined/unknown
2026-09-01T13:52:15.681+03:00  INFO 61411 --- [HolidayTripAPI] [  restartedMain] org.hibernate.orm.core                   : HHH000489: No JTA platform available (set 'hibernate.transaction.jta.platform' to enable JTA platform integration)
2026-09-01T13:52:15.682+03:00  INFO 61411 --- [HolidayTripAPI] [  restartedMain] j.LocalContainerEntityManagerFactoryBean : Initialized JPA EntityManagerFactory for persistence unit 'default'
2026-09-01T13:52:15.727+03:00  WARN 61411 --- [HolidayTripAPI] [  restartedMain] JpaBaseConfiguration$JpaWebConfiguration : spring.jpa.open-in-view is enabled by default. Therefore, database queries may be performed during view rendering. Explicitly configure spring.jpa.open-in-view to disable this warning
2026-09-01T13:52:15.734+03:00  INFO 61411 --- [HolidayTripAPI] [  restartedMain] o.s.v.b.OptionalValidatorFactoryBean     : Failed to set up a Bean Validation provider: jakarta.validation.NoProviderFoundException: Unable to create a Configuration, because no Jakarta Validation provider could be found. Add a provider like Hibernate Validator (RI) to your classpath.
2026-09-01T13:52:15.780+03:00  INFO 61411 --- [HolidayTripAPI] [  restartedMain] o.s.boot.tomcat.TomcatWebServer          : Tomcat started on port 8081 (http) with context path '/'
2026-09-01T13:52:15.782+03:00  INFO 61411 --- [HolidayTripAPI] [  restartedMain] c.h.api.HolidayTripApplication           : Started HolidayTripApplication in 0.274 seconds (process running for 5834.476)
2026-09-01T13:52:15.796+03:00  INFO 61411 --- [HolidayTripAPI] [  restartedMain] .ConditionEvaluationDeltaLoggingListener : Condition evaluation unchanged
2026-09-01T13:52:17.188+03:00  INFO 61411 --- [HolidayTripAPI] [   File Watcher] rtingClassPathChangeChangedEventListener : Restarting due to 36 class path changes (8 additions, 0 deletions, 28 modifications)
2026-09-01T13:52:17.190+03:00  INFO 61411 --- [HolidayTripAPI] [      Thread-66] o.s.boot.tomcat.GracefulShutdown         : Commencing graceful shutdown. Waiting for active requests to complete
2026-09-01T13:52:17.192+03:00  INFO 61411 --- [HolidayTripAPI] [tomcat-shutdown] o.s.boot.tomcat.GracefulShutdown         : Graceful shutdown complete
2026-09-01T13:52:17.194+03:00  INFO 61411 --- [HolidayTripAPI] [      Thread-66] j.LocalContainerEntityManagerFactoryBean : Closing JPA EntityManagerFactory for persistence unit 'default'
2026-09-01T13:52:17.195+03:00  INFO 61411 --- [HolidayTripAPI] [      Thread-66] com.zaxxer.hikari.HikariDataSource       : HikariPool-17 - Shutdown initiated...
2026-09-01T13:52:17.207+03:00  INFO 61411 --- [HolidayTripAPI] [      Thread-66] com.zaxxer.hikari.HikariDataSource       : HikariPool-17 - Shutdown completed.

  .   ____          _            __ _ _
 /\\ / ___'_ __ _ _(_)_ __  __ _ \ \ \ \
( ( )\___ | '_ | '_| | '_ \/ _` | \ \ \ \
 \\/  ___)| |_)| | | | | || (_| |  ) ) ) )
  '  |____| .__|_| |_|_| |_\__, | / / / /
 =========|_|==============|___/=/_/_/_/

 :: Spring Boot ::                (v4.1.0)

2026-09-01T13:52:17.248+03:00  INFO 61411 --- [HolidayTripAPI] [  restartedMain] c.h.api.HolidayTripApplication           : Starting HolidayTripApplication using Java 17.0.14 with PID 61411 (/Users/abdulkadirkarsli/Desktop/Üniversite/Staj/Seyahat-Asistani/backend/target/classes started by abdulkadirkarsli in /Users/abdulkadirkarsli/Desktop/Üniversite/Staj/Seyahat-Asistani/backend)
2026-09-01T13:52:17.248+03:00  INFO 61411 --- [HolidayTripAPI] [  restartedMain] c.h.api.HolidayTripApplication           : No active profile set, falling back to 1 default profile: "default"
2026-09-01T13:52:17.289+03:00  INFO 61411 --- [HolidayTripAPI] [  restartedMain] .s.d.r.c.RepositoryConfigurationDelegate : Bootstrapping Spring Data JPA repositories in DEFAULT mode.
2026-09-01T13:52:17.292+03:00  INFO 61411 --- [HolidayTripAPI] [  restartedMain] .s.d.r.c.RepositoryConfigurationDelegate : Finished Spring Data repository scanning in 2 ms. Found 3 JPA repository interfaces.
2026-09-01T13:52:17.314+03:00  INFO 61411 --- [HolidayTripAPI] [  restartedMain] o.s.boot.tomcat.TomcatWebServer          : Tomcat initialized with port 8081 (http)
2026-09-01T13:52:17.314+03:00  INFO 61411 --- [HolidayTripAPI] [  restartedMain] o.apache.catalina.core.StandardService   : Starting service [Tomcat]
2026-09-01T13:52:17.314+03:00  INFO 61411 --- [HolidayTripAPI] [  restartedMain] o.apache.catalina.core.StandardEngine    : Starting Servlet engine: [Apache Tomcat/11.0.22]
2026-09-01T13:52:17.317+03:00  INFO 61411 --- [HolidayTripAPI] [  restartedMain] b.w.c.s.WebApplicationContextInitializer : Root WebApplicationContext: initialization completed in 68 ms
2026-09-01T13:52:17.327+03:00  INFO 61411 --- [HolidayTripAPI] [  restartedMain] org.hibernate.orm.jpa                    : HHH008540: Processing PersistenceUnitInfo [name: default]
2026-09-01T13:52:17.333+03:00  INFO 61411 --- [HolidayTripAPI] [  restartedMain] o.s.o.j.p.SpringPersistenceUnitInfo      : No LoadTimeWeaver setup: ignoring JPA class transformer
2026-09-01T13:52:17.333+03:00  INFO 61411 --- [HolidayTripAPI] [  restartedMain] com.zaxxer.hikari.HikariDataSource       : HikariPool-18 - Starting...
2026-09-01T13:52:17.334+03:00  INFO 61411 --- [HolidayTripAPI] [  restartedMain] com.zaxxer.hikari.pool.HikariPool        : HikariPool-18 - Added connection conn191: url=jdbc:h2:file:./data/holidaytripdb user=SA
2026-09-01T13:52:17.334+03:00  INFO 61411 --- [HolidayTripAPI] [  restartedMain] com.zaxxer.hikari.HikariDataSource       : HikariPool-18 - Start completed.
2026-09-01T13:52:17.334+03:00  WARN 61411 --- [HolidayTripAPI] [  restartedMain] org.hibernate.orm.deprecation            : HHH90000025: H2Dialect does not need to be specified explicitly using 'hibernate.dialect' (remove the property setting and it will be selected by default)
2026-09-01T13:52:17.334+03:00  INFO 61411 --- [HolidayTripAPI] [  restartedMain] org.hibernate.orm.connections.pooling    : HHH10001005: Database info:
	Database JDBC URL [jdbc:h2:file:./data/holidaytripdb]
	Database driver: H2 JDBC Driver
	Database dialect: H2Dialect
	Database version: 2.4.240
	Default catalog/schema: HOLIDAYTRIPDB/PUBLIC
	Autocommit mode: undefined/unknown
	Isolation level: READ_COMMITTED [default READ_COMMITTED]
	JDBC fetch size: 100
	Pool: DataSourceConnectionProvider
	Minimum pool size: undefined/unknown
	Maximum pool size: undefined/unknown
2026-09-01T13:52:17.353+03:00  INFO 61411 --- [HolidayTripAPI] [  restartedMain] org.hibernate.orm.core                   : HHH000489: No JTA platform available (set 'hibernate.transaction.jta.platform' to enable JTA platform integration)
2026-09-01T13:52:17.353+03:00  INFO 61411 --- [HolidayTripAPI] [  restartedMain] j.LocalContainerEntityManagerFactoryBean : Initialized JPA EntityManagerFactory for persistence unit 'default'
2026-09-01T13:52:17.382+03:00  WARN 61411 --- [HolidayTripAPI] [  restartedMain] JpaBaseConfiguration$JpaWebConfiguration : spring.jpa.open-in-view is enabled by default. Therefore, database queries may be performed during view rendering. Explicitly configure spring.jpa.open-in-view to disable this warning
2026-09-01T13:52:17.386+03:00  INFO 61411 --- [HolidayTripAPI] [  restartedMain] o.s.v.b.OptionalValidatorFactoryBean     : Failed to set up a Bean Validation provider: jakarta.validation.NoProviderFoundException: Unable to create a Configuration, because no Jakarta Validation provider could be found. Add a provider like Hibernate Validator (RI) to your classpath.
2026-09-01T13:52:17.418+03:00  INFO 61411 --- [HolidayTripAPI] [  restartedMain] o.s.boot.tomcat.TomcatWebServer          : Tomcat started on port 8081 (http) with context path '/'
2026-09-01T13:52:17.419+03:00  INFO 61411 --- [HolidayTripAPI] [  restartedMain] c.h.api.HolidayTripApplication           : Started HolidayTripApplication in 0.178 seconds (process running for 5836.113)
2026-09-01T13:52:17.428+03:00  INFO 61411 --- [HolidayTripAPI] [  restartedMain] .ConditionEvaluationDeltaLoggingListener : Condition evaluation unchanged
2026-09-01T13:53:47.782+03:00  INFO 61411 --- [HolidayTripAPI] [   File Watcher] rtingClassPathChangeChangedEventListener : Restarting due to 1 class path change (0 additions, 0 deletions, 1 modification)
2026-09-01T13:53:47.784+03:00  INFO 61411 --- [HolidayTripAPI] [      Thread-70] o.s.boot.tomcat.GracefulShutdown         : Commencing graceful shutdown. Waiting for active requests to complete
2026-09-01T13:53:47.785+03:00  INFO 61411 --- [HolidayTripAPI] [tomcat-shutdown] o.s.boot.tomcat.GracefulShutdown         : Graceful shutdown complete
2026-09-01T13:53:47.785+03:00  INFO 61411 --- [HolidayTripAPI] [      Thread-70] j.LocalContainerEntityManagerFactoryBean : Closing JPA EntityManagerFactory for persistence unit 'default'
2026-09-01T13:53:47.785+03:00  INFO 61411 --- [HolidayTripAPI] [      Thread-70] com.zaxxer.hikari.HikariDataSource       : HikariPool-18 - Shutdown initiated...
2026-09-01T13:53:47.790+03:00  INFO 61411 --- [HolidayTripAPI] [      Thread-70] com.zaxxer.hikari.HikariDataSource       : HikariPool-18 - Shutdown completed.

  .   ____          _            __ _ _
 /\\ / ___'_ __ _ _(_)_ __  __ _ \ \ \ \
( ( )\___ | '_ | '_| | '_ \/ _` | \ \ \ \
 \\/  ___)| |_)| | | | | || (_| |  ) ) ) )
  '  |____| .__|_| |_|_| |_\__, | / / / /
 =========|_|==============|___/=/_/_/_/

 :: Spring Boot ::                (v4.1.0)

2026-09-01T13:53:47.824+03:00  INFO 61411 --- [HolidayTripAPI] [  restartedMain] c.h.api.HolidayTripApplication           : Starting HolidayTripApplication using Java 17.0.14 with PID 61411 (/Users/abdulkadirkarsli/Desktop/Üniversite/Staj/Seyahat-Asistani/backend/target/classes started by abdulkadirkarsli in /Users/abdulkadirkarsli/Desktop/Üniversite/Staj/Seyahat-Asistani/backend)
2026-09-01T13:53:47.824+03:00  INFO 61411 --- [HolidayTripAPI] [  restartedMain] c.h.api.HolidayTripApplication           : No active profile set, falling back to 1 default profile: "default"
2026-09-01T13:53:47.868+03:00  INFO 61411 --- [HolidayTripAPI] [  restartedMain] .s.d.r.c.RepositoryConfigurationDelegate : Bootstrapping Spring Data JPA repositories in DEFAULT mode.
2026-09-01T13:53:47.871+03:00  INFO 61411 --- [HolidayTripAPI] [  restartedMain] .s.d.r.c.RepositoryConfigurationDelegate : Finished Spring Data repository scanning in 2 ms. Found 3 JPA repository interfaces.
2026-09-01T13:53:47.893+03:00  INFO 61411 --- [HolidayTripAPI] [  restartedMain] o.s.boot.tomcat.TomcatWebServer          : Tomcat initialized with port 8081 (http)
2026-09-01T13:53:47.893+03:00  INFO 61411 --- [HolidayTripAPI] [  restartedMain] o.apache.catalina.core.StandardService   : Starting service [Tomcat]
2026-09-01T13:53:47.893+03:00  INFO 61411 --- [HolidayTripAPI] [  restartedMain] o.apache.catalina.core.StandardEngine    : Starting Servlet engine: [Apache Tomcat/11.0.22]
2026-09-01T13:53:47.896+03:00  INFO 61411 --- [HolidayTripAPI] [  restartedMain] b.w.c.s.WebApplicationContextInitializer : Root WebApplicationContext: initialization completed in 72 ms
2026-09-01T13:53:47.909+03:00  INFO 61411 --- [HolidayTripAPI] [  restartedMain] org.hibernate.orm.jpa                    : HHH008540: Processing PersistenceUnitInfo [name: default]
2026-09-01T13:53:47.918+03:00  INFO 61411 --- [HolidayTripAPI] [  restartedMain] o.s.o.j.p.SpringPersistenceUnitInfo      : No LoadTimeWeaver setup: ignoring JPA class transformer
2026-09-01T13:53:47.918+03:00  INFO 61411 --- [HolidayTripAPI] [  restartedMain] com.zaxxer.hikari.HikariDataSource       : HikariPool-19 - Starting...
2026-09-01T13:53:47.968+03:00  INFO 61411 --- [HolidayTripAPI] [  restartedMain] com.zaxxer.hikari.pool.HikariPool        : HikariPool-19 - Added connection conn202: url=jdbc:h2:file:./data/holidaytripdb user=SA
2026-09-01T13:53:47.968+03:00  INFO 61411 --- [HolidayTripAPI] [  restartedMain] com.zaxxer.hikari.HikariDataSource       : HikariPool-19 - Start completed.
2026-09-01T13:53:47.968+03:00  WARN 61411 --- [HolidayTripAPI] [  restartedMain] org.hibernate.orm.deprecation            : HHH90000025: H2Dialect does not need to be specified explicitly using 'hibernate.dialect' (remove the property setting and it will be selected by default)
2026-09-01T13:53:47.968+03:00  INFO 61411 --- [HolidayTripAPI] [  restartedMain] org.hibernate.orm.connections.pooling    : HHH10001005: Database info:
	Database JDBC URL [jdbc:h2:file:./data/holidaytripdb]
	Database driver: H2 JDBC Driver
	Database dialect: H2Dialect
	Database version: 2.4.240
	Default catalog/schema: HOLIDAYTRIPDB/PUBLIC
	Autocommit mode: undefined/unknown
	Isolation level: READ_COMMITTED [default READ_COMMITTED]
	JDBC fetch size: 100
	Pool: DataSourceConnectionProvider
	Minimum pool size: undefined/unknown
	Maximum pool size: undefined/unknown
2026-09-01T13:53:47.984+03:00  INFO 61411 --- [HolidayTripAPI] [  restartedMain] org.hibernate.orm.core                   : HHH000489: No JTA platform available (set 'hibernate.transaction.jta.platform' to enable JTA platform integration)
2026-09-01T13:53:47.985+03:00  INFO 61411 --- [HolidayTripAPI] [  restartedMain] j.LocalContainerEntityManagerFactoryBean : Initialized JPA EntityManagerFactory for persistence unit 'default'
2026-09-01T13:53:48.015+03:00  WARN 61411 --- [HolidayTripAPI] [  restartedMain] JpaBaseConfiguration$JpaWebConfiguration : spring.jpa.open-in-view is enabled by default. Therefore, database queries may be performed during view rendering. Explicitly configure spring.jpa.open-in-view to disable this warning
2026-09-01T13:53:48.019+03:00  INFO 61411 --- [HolidayTripAPI] [  restartedMain] o.s.v.b.OptionalValidatorFactoryBean     : Failed to set up a Bean Validation provider: jakarta.validation.NoProviderFoundException: Unable to create a Configuration, because no Jakarta Validation provider could be found. Add a provider like Hibernate Validator (RI) to your classpath.
2026-09-01T13:53:48.049+03:00  INFO 61411 --- [HolidayTripAPI] [  restartedMain] o.s.boot.tomcat.TomcatWebServer          : Tomcat started on port 8081 (http) with context path '/'
2026-09-01T13:53:48.050+03:00  INFO 61411 --- [HolidayTripAPI] [  restartedMain] c.h.api.HolidayTripApplication           : Started HolidayTripApplication in 0.232 seconds (process running for 5926.743)
2026-09-01T13:53:48.059+03:00  INFO 61411 --- [HolidayTripAPI] [  restartedMain] .ConditionEvaluationDeltaLoggingListener : Condition evaluation unchanged
[INFO] ------------------------------------------------------------------------
[INFO] BUILD FAILURE
[INFO] ------------------------------------------------------------------------
[INFO] Total time:  01:41 h
[INFO] Finished at: 2026-09-01T13:56:26+03:00
[INFO] ------------------------------------------------------------------------
[ERROR] Failed to execute goal org.springframework.boot:spring-boot-maven-plugin:4.1.0:run (default-cli) on project api: Process terminated with exit code: 137 -> [Help 1]
[ERROR] 
[ERROR] To see the full stack trace of the errors, re-run Maven with the -e switch.
[ERROR] Re-run Maven using the -X switch to enable full debug logging.
[ERROR] 
[ERROR] For more information about the errors and possible solutions, please read the following articles:
[ERROR] [Help 1] http://cwiki.apache.org/confluence/display/MAVEN/MojoExecutionException
